timestamp,action,model,object_id,reference_id,field,old_value,new_value,reason,metadata
2026-02-04T16:19:00.966734,AUDIT_AUTO_ASSIGN,InvoiceItem,703,INV-20260127-EBF29B91,barcode,SCANNED_MISMATCH,FOLD-20260117-0063,Auto-assigned barcode (not scanned),"Product: FOLDER VIVO Y11/Y12/Y15/Y17 TIKTOK PESTING, Barcode: FOLD-20260117-0063, CartScanned: ['FOLD-20260117-0006', 'FOLD-20260117-0031', 'FOLD-20260117-0004', 'FOLD-20260117-0038', 'FOLD-20260117-0032', 'FOLD-20260117-0036', 'FOLD-20260117-0010', 'FOLD-20260117-0001', 'FOLD-20260117-0040', 'FOLD-20260117-0002', 'FOLD-20260117-0003', 'FOLD-20260117-0008', 'FOLD-20260117-0034', 'FOLD-20260117-0037', 'FOLD-20260117-0035', 'FOLD-20260117-0033', 'FOLD-20260117-0009', 'FOLD-20260117-0039', 'FOLD-20260117-0007', 'FOLD-20260117-0005']"
2026-02-04T16:19:01.361558,AUDIT_AUTO_ASSIGN,InvoiceItem,950,INV-20260128-56A75FBF,barcode,SCANNED_MISMATCH,FRAM-20260120-0001-28,Auto-assigned barcode (not scanned),"Product: FRAME REALME C53, Barcode: FRAM-20260120-0001-28, CartScanned: []"
2026-02-04T16:19:04.340720,AUDIT_AUTO_ASSIGN,InvoiceItem,853,INV-20260128-97835853,barcode,SCANNED_MISMATCH,FOLD-20260129-0307,Auto-assigned barcode (not scanned),"Product: FOLDER OPPO A57 NEW/C35 PESTING, Barcode: FOLD-20260129-0307, CartScanned: ['FOLD-20260127-0039', 'FOLD-20260127-0031', 'FOLD-20260127-0040', 'FOLD-20260127-0049', 'FOLD-20260127-0035', 'FOLD-20260127-0036', 'FOLD-20260127-0045', 'FOLD-20260127-0038', 'FOLD-20260127-0032', 'FOLD-20260127-0043', 'FOLD-20260127-0050', 'FOLD-20260127-0041', 'FOLD-20260127-0047', 'FOLD-20260127-0034', 'FOLD-20260127-0046', 'FOLD-20260127-0037', 'FOLD-20260127-0033', 'FOLD-20260127-0042', 'FOLD-20260127-0048', 'FOLD-20260127-0044']"
2026-02-04T16:19:05.393149,AUDIT_AUTO_ASSIGN,InvoiceItem,2642,INV-20260202-7B934763,barcode,SCANNED_MISMATCH,FOLD-20260117-0003-2,Auto-assigned barcode (not scanned),"Product: FOLDER REALME 5/C3 PESTING, Barcode: FOLD-20260117-0003-2, CartScanned: ['FOLD-20260129-0233', 'FOLD-20260129-0240', 'FOLD-20260129-0235', 'FOLD-20260129-0238', 'FOLD-20260129-0237', 'FOLD-20260129-0239', 'FOLD-20260129-0231', 'FOLD-20260129-0232', 'FOLD-20260129-0234', 'FOLD-20260129-0236']"
2026-02-04T16:19:05.396692,AUDIT_AUTO_ASSIGN,InvoiceItem,2643,INV-20260202-7B934763,barcode,SCANNED_MISMATCH,VIVO-20260122-0005,Auto-assigned barcode (not scanned),"Product: FOLDER VIVO V15 PESTING, Barcode: VIVO-20260122-0005, CartScanned: ['VIVO-20260122-0010']"
2026-02-04T16:19:05.400268,AUDIT_AUTO_ASSIGN,InvoiceItem,2644,INV-20260202-7B934763,barcode,SCANNED_MISMATCH,FOLD-20260127-0081-1,Auto-assigned barcode (not scanned),"Product: FOLDER OPPO A57 NEW/C35 PESTING, Barcode: FOLD-20260127-0081-1, CartScanned: ['FOLD-20260127-0105', 'FOLD-20260127-0104', 'FOLD-20260127-0103']"
2026-02-04T16:19:05.403767,AUDIT_AUTO_ASSIGN,InvoiceItem,2645,INV-20260202-7B934763,barcode,SCANNED_MISMATCH,FOLD-20260113-0001-3,Auto-assigned barcode (not scanned),"Product: FOLDER REALME 6/RM7/RM8 5G PESTING, Barcode: FOLD-20260113-0001-3, CartScanned: ['FOLD-20260113-0005-3', 'FOLD-20260113-0004-3']"
2026-02-04T16:19:05.635055,AUDIT_AUTO_ASSIGN,InvoiceItem,2646,INV-20260202-89B4BF76,barcode,SCANNED_MISMATCH,FOLD-20260127-0042-6,Auto-assigned barcode (not scanned),"Product: FOLDER REALME 5/C3 PESTING, Barcode: FOLD-20260127-0042-6, CartScanned: ['FOLD-20260129-0233', 'FOLD-20260129-0240', 'FOLD-20260129-0235', 'FOLD-20260129-0238', 'FOLD-20260129-0237', 'FOLD-20260129-0239', 'FOLD-20260129-0231', 'FOLD-20260129-0232', 'FOLD-20260129-0234', 'FOLD-20260129-0236']"
2026-02-04T16:19:05.638729,AUDIT_AUTO_ASSIGN,InvoiceItem,2647,INV-20260202-89B4BF76,barcode,SCANNED_MISMATCH,VIVO-20260122-0006,Auto-assigned barcode (not scanned),"Product: FOLDER VIVO V15 PESTING, Barcode: VIVO-20260122-0006, CartScanned: ['VIVO-20260122-0010']"
2026-02-04T16:19:05.642795,AUDIT_AUTO_ASSIGN,InvoiceItem,2648,INV-20260202-89B4BF76,barcode,SCANNED_MISMATCH,FOLD-20260127-0082-1,Auto-assigned barcode (not scanned),"Product: FOLDER OPPO A57 NEW/C35 PESTING, Barcode: FOLD-20260127-0082-1, CartScanned: ['FOLD-20260127-0105', 'FOLD-20260127-0104', 'FOLD-20260127-0103']"
2026-02-04T16:19:05.646208,AUDIT_AUTO_ASSIGN,InvoiceItem,2650,INV-20260202-89B4BF76,barcode,SCANNED_MISMATCH,FOLD-20260113-0002-3,Auto-assigned barcode (not scanned),"Product: FOLDER REALME 6/RM7/RM8 5G PESTING, Barcode: FOLD-20260113-0002-3, CartScanned: ['FOLD-20260113-0005-3', 'FOLD-20260113-0004-3']"
2026-02-04T16:19:05.652318,AUDIT_AUTO_ASSIGN,InvoiceItem,2649,INV-20260202-54972082,barcode,SCANNED_MISMATCH,FOLD-20260127-0043-6,Auto-assigned barcode (not scanned),"Product: FOLDER REALME 5/C3 PESTING, Barcode: FOLD-20260127-0043-6, CartScanned: ['FOLD-20260129-0233', 'FOLD-20260129-0240', 'FOLD-20260129-0235', 'FOLD-20260129-0238', 'FOLD-20260129-0237', 'FOLD-20260129-0239', 'FOLD-20260129-0231', 'FOLD-20260129-0232', 'FOLD-20260129-0234', 'FOLD-20260129-0236']"
2026-02-04T16:19:05.655943,AUDIT_AUTO_ASSIGN,InvoiceItem,2651,INV-20260202-54972082,barcode,SCANNED_MISMATCH,VIVO-20260122-0007,Auto-assigned barcode (not scanned),"Product: FOLDER VIVO V15 PESTING, Barcode: VIVO-20260122-0007, CartScanned: ['VIVO-20260122-0010']"
2026-02-04T16:19:05.659494,AUDIT_AUTO_ASSIGN,InvoiceItem,2652,INV-20260202-54972082,barcode,SCANNED_MISMATCH,FOLD-20260127-0083-1,Auto-assigned barcode (not scanned),"Product: FOLDER OPPO A57 NEW/C35 PESTING, Barcode: FOLD-20260127-0083-1, CartScanned: ['FOLD-20260127-0105', 'FOLD-20260127-0104', 'FOLD-20260127-0103']"
2026-02-04T16:19:05.663379,AUDIT_AUTO_ASSIGN,InvoiceItem,2653,INV-20260202-54972082,barcode,SCANNED_MISMATCH,FOLD-20260113-0003-3,Auto-assigned barcode (not scanned),"Product: FOLDER REALME 6/RM7/RM8 5G PESTING, Barcode: FOLD-20260113-0003-3, CartScanned: ['FOLD-20260113-0005-3', 'FOLD-20260113-0004-3']"
2026-02-04T16:19:05.669413,AUDIT_AUTO_ASSIGN,InvoiceItem,2654,INV-20260202-E3468011,barcode,SCANNED_MISMATCH,FOLD-20260127-0044-6,Auto-assigned barcode (not scanned),"Product: FOLDER REALME 5/C3 PESTING, Barcode: FOLD-20260127-0044-6, CartScanned: ['FOLD-20260129-0233', 'FOLD-20260129-0240', 'FOLD-20260129-0235', 'FOLD-20260129-0238', 'FOLD-20260129-0237', 'FOLD-20260129-0239', 'FOLD-20260129-0231', 'FOLD-20260129-0232', 'FOLD-20260129-0234', 'FOLD-20260129-0236']"
2026-02-04T16:19:08.208705,AUDIT_LOST_SCAN,CartItem,NONE,CART-20260127-C8C9B1DA,barcode,FOLD-20260117-0006,MISSING_IN_INV,Scanned barcode lost during checkout,"Cart: CART-20260127-C8C9B1DA, Barcode: FOLD-20260117-0006, Invoice: INV-20260127-EBF29B91"
2026-02-04T16:19:08.332609,AUDIT_LOST_SCAN,CartItem,NONE,CART-20260127-34E07F58,barcode,FOLD-20260127-0039,MISSING_IN_INV,Scanned barcode lost during checkout,"Cart: CART-20260127-34E07F58, Barcode: FOLD-20260127-0039, Invoice: INV-20260128-97835853"
2026-02-04T16:19:08.761619,AUDIT_LOST_SCAN,CartItem,NONE,CART-20260130-E78FBF63,barcode,OCA-20260115-0004,MISSING_IN_INV,Scanned barcode lost during checkout,"Cart: CART-20260130-E78FBF63, Barcode: OCA-20260115-0004, Invoice: INV-20260130-B7B11A25"
2026-02-04T16:19:08.765915,AUDIT_LOST_SCAN,CartItem,NONE,CART-20260130-8FD769B3,barcode,FOLD-20260127-0058-1,MISSING_IN_INV,Scanned barcode lost during checkout,"Cart: CART-20260130-8FD769B3, Barcode: FOLD-20260127-0058-1, Invoice: INV-20260130-7A4C5ADF"
2026-02-04T16:19:09.062857,AUDIT_LOST_SCAN,CartItem,NONE,CART-20260131-B31DCE07,barcode,BTP-20260129-0004-42,MISSING_IN_INV,Scanned barcode lost during checkout,"Cart: CART-20260131-B31DCE07, Barcode: BTP-20260129-0004-42, Invoice: INV-20260131-953ECC15"
2026-02-04T16:19:09.067142,AUDIT_LOST_SCAN,CartItem,NONE,CART-20260131-787BA456,barcode,FOLD-20260117-0039-1,MISSING_IN_INV,Scanned barcode lost during checkout,"Cart: CART-20260131-787BA456, Barcode: FOLD-20260117-0039-1, Invoice: INV-20260131-89556465"
2026-02-04T16:19:09.477887,AUDIT_LOST_SCAN,CartItem,NONE,CART-20260202-EE313AA6,barcode,BTP-20260127-0003-2,MISSING_IN_INV,Scanned barcode lost during checkout,"Cart: CART-20260202-EE313AA6, Barcode: BTP-20260127-0003-2, Invoice: INV-20260202-0BB7C4DF"
2026-02-04T16:19:09.715270,AUDIT_LOST_SCAN,CartItem,NONE,CART-20260202-17652C41,barcode,FOLD-20260129-0013-9,MISSING_IN_INV,Scanned barcode lost during checkout,"Cart: CART-20260202-17652C41, Barcode: FOLD-20260129-0013-9, Invoice: INV-20260202-17161181"
2026-02-04T16:19:09.741466,AUDIT_LOST_SCAN,CartItem,NONE,CART-20260203-993B61AB,barcode,BTP-20260126-0024-7,MISSING_IN_INV,Scanned barcode lost during checkout,"Cart: CART-20260203-993B61AB, Barcode: BTP-20260126-0024-7, Invoice: INV-20260203-E0DAEAA0"
2026-02-04T16:19:09.745674,AUDIT_LOST_SCAN,CartItem,NONE,CART-20260202-B10C037E,barcode,FOLD-20260120-0013-6,MISSING_IN_INV,Scanned barcode lost during checkout,"Cart: CART-20260202-B10C037E, Barcode: FOLD-20260120-0013-6, Invoice: INV-20260203-0789D63A"
2026-02-04T16:19:09.764149,AUDIT_LOST_SCAN,CartItem,NONE,CART-20260203-FCDFD18A,barcode,FOLD-20260117-0017-1,MISSING_IN_INV,Scanned barcode lost during checkout,"Cart: CART-20260203-FCDFD18A, Barcode: FOLD-20260117-0017-1, Invoice: INV-20260203-D3C6569E"
2026-02-04T16:19:09.792480,AUDIT_LOST_SCAN,CartItem,NONE,CART-20260203-C255B6F7,barcode,BTP-20260124-0028-7,MISSING_IN_INV,Scanned barcode lost during checkout,"Cart: CART-20260203-C255B6F7, Barcode: BTP-20260124-0028-7, Invoice: INV-20260203-973739A7"
2026-02-04T16:19:09.872882,AUDIT_LOST_SCAN,CartItem,NONE,CART-20260203-875E24DF,barcode,FOLD-20260127-0058-3,MISSING_IN_INV,Scanned barcode lost during checkout,"Cart: CART-20260203-875E24DF, Barcode: FOLD-20260127-0058-3, Invoice: INV-20260203-FABEF21C"
2026-02-04T16:19:09.942535,AUDIT_LOST_SCAN,CartItem,NONE,CART-20260203-3C64CBEA,barcode,BTP-20260130-0078,MISSING_IN_INV,Scanned barcode lost during checkout,"Cart: CART-20260203-3C64CBEA, Barcode: BTP-20260130-0078, Invoice: INV-20260203-785AA5E2"
2026-02-04T16:19:09.946657,AUDIT_LOST_SCAN,CartItem,NONE,CART-20260203-9147C45E,barcode,BTP-20260126-0030-7,MISSING_IN_INV,Scanned barcode lost during checkout,"Cart: CART-20260203-9147C45E, Barcode: BTP-20260126-0030-7, Invoice: INV-20260203-044AA9C1"
2026-02-04T16:19:09.977467,AUDIT_LOST_SCAN,CartItem,NONE,CART-20260204-6529E76F,barcode,FOLD-20260120-0022-4,MISSING_IN_INV,Scanned barcode lost during checkout,"Cart: CART-20260204-6529E76F, Barcode: FOLD-20260120-0022-4, Invoice: INV-20260204-AE1BCFE5"
2026-02-04T16:19:10.609011,ANOMALY_ZOMBIE,Barcode,46885,NONE,tag,in-cart,STUCK,In-cart with no active session,"Barcode: FOLD-20260131-0694, Product: FOLDER VIVO Y20/Y21/Y22/Y33S/Y52S PESTING"
2026-02-04T16:19:10.839952,ANOMALY_DOUBLE_SALE,Barcode,FOLD-20260129-0110-1,INV-20260204-8351F336,tag,sold,DUPLICATE,Sold multiple times without return,"Log Action: invoice_create, Log ID: 12499"
2026-02-04T16:19:10.840044,ANOMALY_DOUBLE_SALE,Barcode,FOLD-20260129-0110-1,INV-20260204-9BECC6DD,tag,sold,DUPLICATE,Sold multiple times without return,"Log Action: invoice_create, Log ID: 12481"
2026-02-04T16:19:10.840092,ANOMALY_DOUBLE_SALE,Barcode,FOLD-20260129-0105-1,INV-20260204-8351F336,tag,sold,DUPLICATE,Sold multiple times without return,"Log Action: invoice_create, Log ID: 12498"
2026-02-04T16:19:10.840127,ANOMALY_DOUBLE_SALE,Barcode,FOLD-20260129-0105-1,INV-20260204-9BECC6DD,tag,sold,DUPLICATE,Sold multiple times without return,"Log Action: invoice_create, Log ID: 12480"
2026-02-04T16:19:10.840163,ANOMALY_DOUBLE_SALE,Barcode,FOLD-20260129-0103-1,INV-20260204-8351F336,tag,sold,DUPLICATE,Sold multiple times without return,"Log Action: invoice_create, Log ID: 12497"
2026-02-04T16:19:10.840197,ANOMALY_DOUBLE_SALE,Barcode,FOLD-20260129-0103-1,INV-20260204-9BECC6DD,tag,sold,DUPLICATE,Sold multiple times without return,"Log Action: invoice_create, Log ID: 12479"
2026-02-04T16:19:10.840236,ANOMALY_DOUBLE_SALE,Barcode,BTP-20260126-0003-35,INV-20260202-88CA88FA,tag,sold,DUPLICATE,Sold multiple times without return,"Log Action: invoice_create, Log ID: 11211"
2026-02-04T16:19:10.840273,ANOMALY_DOUBLE_SALE,Barcode,BTP-20260126-0003-35,INV-20260128-B209D804,tag,sold,DUPLICATE,Sold multiple times without return,"Log Action: invoice_create, Log ID: 4129"
2026-02-04T16:19:10.840308,ANOMALY_DOUBLE_SALE,Barcode,FOLD-20260131-0588,INV-20260202-E6F006D8,tag,sold,DUPLICATE,Sold multiple times without return,"Log Action: invoice_create, Log ID: 10971"
2026-02-04T16:19:10.840350,ANOMALY_DOUBLE_SALE,Barcode,FOLD-20260131-0588,INV-20260202-BB84E14C,tag,sold,DUPLICATE,Sold multiple times without return,"Log Action: invoice_create, Log ID: 9568"
2026-02-04T16:19:10.840391,ANOMALY_DOUBLE_SALE,Barcode,FOLD-20260131-0586,INV-20260202-E6F006D8,tag,sold,DUPLICATE,Sold multiple times without return,"Log Action: invoice_create, Log ID: 10970"
2026-02-04T16:19:10.840424,ANOMALY_DOUBLE_SALE,Barcode,FOLD-20260131-0586,INV-20260202-BB84E14C,tag,sold,DUPLICATE,Sold multiple times without return,"Log Action: invoice_create, Log ID: 9566"
2026-02-04T16:19:10.840457,ANOMALY_DOUBLE_SALE,Barcode,FOLD-20260131-0585,INV-20260202-E6F006D8,tag,sold,DUPLICATE,Sold multiple times without return,"Log Action: invoice_create, Log ID: 10969"
2026-02-04T16:19:10.840488,ANOMALY_DOUBLE_SALE,Barcode,FOLD-20260131-0585,INV-20260202-BB84E14C,tag,sold,DUPLICATE,Sold multiple times without return,"Log Action: invoice_create, Log ID: 9565"
2026-02-04T16:19:10.840520,ANOMALY_DOUBLE_SALE,Barcode,FOLD-20260131-0580,INV-20260202-E6F006D8,tag,sold,DUPLICATE,Sold multiple times without return,"Log Action: invoice_create, Log ID: 10968"
2026-02-04T16:19:10.840551,ANOMALY_DOUBLE_SALE,Barcode,FOLD-20260131-0580,INV-20260202-BB84E14C,tag,sold,DUPLICATE,Sold multiple times without return,"Log Action: invoice_create, Log ID: 9560"
2026-02-04T16:19:10.840583,ANOMALY_DOUBLE_SALE,Barcode,FOLD-20260131-0589,INV-20260202-E6F006D8,tag,sold,DUPLICATE,Sold multiple times without return,"Log Action: invoice_create, Log ID: 10967"
2026-02-04T16:19:10.840614,ANOMALY_DOUBLE_SALE,Barcode,FOLD-20260131-0589,INV-20260202-BB84E14C,tag,sold,DUPLICATE,Sold multiple times without return,"Log Action: invoice_create, Log ID: 9569"
2026-02-04T16:19:10.840646,ANOMALY_DOUBLE_SALE,Barcode,FOLD-20260131-0582,INV-20260202-E6F006D8,tag,sold,DUPLICATE,Sold multiple times without return,"Log Action: invoice_create, Log ID: 10966"
2026-02-04T16:19:10.840677,ANOMALY_DOUBLE_SALE,Barcode,FOLD-20260131-0582,INV-20260202-BB84E14C,tag,sold,DUPLICATE,Sold multiple times without return,"Log Action: invoice_create, Log ID: 9562"
2026-02-04T16:19:10.840709,ANOMALY_DOUBLE_SALE,Barcode,FOLD-20260131-0581,INV-20260202-E6F006D8,tag,sold,DUPLICATE,Sold multiple times without return,"Log Action: invoice_create, Log ID: 10965"
2026-02-04T16:19:10.840740,ANOMALY_DOUBLE_SALE,Barcode,FOLD-20260131-0581,INV-20260202-BB84E14C,tag,sold,DUPLICATE,Sold multiple times without return,"Log Action: invoice_create, Log ID: 9561"
2026-02-04T16:19:10.840773,ANOMALY_DOUBLE_SALE,Barcode,FOLD-20260131-0583,INV-20260202-E6F006D8,tag,sold,DUPLICATE,Sold multiple times without return,"Log Action: invoice_create, Log ID: 10964"
2026-02-04T16:19:10.840804,ANOMALY_DOUBLE_SALE,Barcode,FOLD-20260131-0583,INV-20260202-BB84E14C,tag,sold,DUPLICATE,Sold multiple times without return,"Log Action: invoice_create, Log ID: 9563"
2026-02-04T16:19:10.840836,ANOMALY_DOUBLE_SALE,Barcode,FOLD-20260131-0587,INV-20260202-E6F006D8,tag,sold,DUPLICATE,Sold multiple times without return,"Log Action: invoice_create, Log ID: 10963"
2026-02-04T16:19:10.840866,ANOMALY_DOUBLE_SALE,Barcode,FOLD-20260131-0587,INV-20260202-BB84E14C,tag,sold,DUPLICATE,Sold multiple times without return,"Log Action: invoice_create, Log ID: 9567"
2026-02-04T16:19:10.840900,ANOMALY_DOUBLE_SALE,Barcode,FOLD-20260131-0584,INV-20260202-E6F006D8,tag,sold,DUPLICATE,Sold multiple times without return,"Log Action: invoice_create, Log ID: 10962"
2026-02-04T16:19:10.840930,ANOMALY_DOUBLE_SALE,Barcode,FOLD-20260131-0584,INV-20260202-BB84E14C,tag,sold,DUPLICATE,Sold multiple times without return,"Log Action: invoice_create, Log ID: 9564"
2026-02-04T16:19:10.840970,ANOMALY_DOUBLE_SALE,Barcode,BTP-20260128-0001-67,INV-20260202-5F51370E,tag,sold,DUPLICATE,Sold multiple times without return,"Log Action: invoice_create, Log ID: 10560"
2026-02-04T16:19:10.841001,ANOMALY_DOUBLE_SALE,Barcode,BTP-20260128-0001-67,INV-20260131-6C9EE7BB,tag,sold,DUPLICATE,Sold multiple times without return,"Log Action: invoice_create, Log ID: 8393"
2026-02-04T16:19:10.841038,ANOMALY_DOUBLE_SALE,Barcode,ASIT-20260127-0008,INV-20260131-6C9EE7BB,tag,sold,DUPLICATE,Sold multiple times without return,"Log Action: invoice_create, Log ID: 8497"
2026-02-04T16:19:10.841069,ANOMALY_DOUBLE_SALE,Barcode,ASIT-20260127-0008,INV-20260131-00266B1F,tag,sold,DUPLICATE,Sold multiple times without return,"Log Action: invoice_create, Log ID: 8490"
2026-02-04T16:19:10.841100,ANOMALY_DOUBLE_SALE,Barcode,ASIT-20260127-0006,INV-20260131-6C9EE7BB,tag,sold,DUPLICATE,Sold multiple times without return,"Log Action: invoice_create, Log ID: 8496"
2026-02-04T16:19:10.841130,ANOMALY_DOUBLE_SALE,Barcode,ASIT-20260127-0006,INV-20260131-00266B1F,tag,sold,DUPLICATE,Sold multiple times without return,"Log Action: invoice_create, Log ID: 8488"
2026-02-04T16:19:10.841162,ANOMALY_DOUBLE_SALE,Barcode,ASIT-20260127-0013,INV-20260131-6C9EE7BB,tag,sold,DUPLICATE,Sold multiple times without return,"Log Action: invoice_create, Log ID: 8494"
2026-02-04T16:19:10.841192,ANOMALY_DOUBLE_SALE,Barcode,ASIT-20260127-0013,INV-20260131-00266B1F,tag,sold,DUPLICATE,Sold multiple times without return,"Log Action: invoice_create, Log ID: 8486"
2026-02-04T16:19:10.841223,ANOMALY_DOUBLE_SALE,Barcode,ASIT-20260127-0012,INV-20260131-6C9EE7BB,tag,sold,DUPLICATE,Sold multiple times without return,"Log Action: invoice_create, Log ID: 8493"
2026-02-04T16:19:10.841266,ANOMALY_DOUBLE_SALE,Barcode,ASIT-20260127-0012,INV-20260131-00266B1F,tag,sold,DUPLICATE,Sold multiple times without return,"Log Action: invoice_create, Log ID: 8484"
2026-02-04T16:19:10.841298,ANOMALY_DOUBLE_SALE,Barcode,ASIT-20260127-0014,INV-20260131-6C9EE7BB,tag,sold,DUPLICATE,Sold multiple times without return,"Log Action: invoice_create, Log ID: 8492"
2026-02-04T16:19:10.841328,ANOMALY_DOUBLE_SALE,Barcode,ASIT-20260127-0014,INV-20260131-00266B1F,tag,sold,DUPLICATE,Sold multiple times without return,"Log Action: invoice_create, Log ID: 8482"
2026-02-04T16:19:10.841359,ANOMALY_DOUBLE_SALE,Barcode,ASIT-20260127-0007,INV-20260131-6C9EE7BB,tag,sold,DUPLICATE,Sold multiple times without return,"Log Action: invoice_create, Log ID: 8491"
2026-02-04T16:19:10.841389,ANOMALY_DOUBLE_SALE,Barcode,ASIT-20260127-0007,INV-20260131-00266B1F,tag,sold,DUPLICATE,Sold multiple times without return,"Log Action: invoice_create, Log ID: 8480"
2026-02-04T16:19:10.841421,ANOMALY_DOUBLE_SALE,Barcode,ASIT-20260127-0001,INV-20260131-6C9EE7BB,tag,sold,DUPLICATE,Sold multiple times without return,"Log Action: invoice_create, Log ID: 8489"
2026-02-04T16:19:10.841451,ANOMALY_DOUBLE_SALE,Barcode,ASIT-20260127-0001,INV-20260131-00266B1F,tag,sold,DUPLICATE,Sold multiple times without return,"Log Action: invoice_create, Log ID: 8478"
2026-02-04T16:19:10.841482,ANOMALY_DOUBLE_SALE,Barcode,ASIT-20260127-0003,INV-20260131-6C9EE7BB,tag,sold,DUPLICATE,Sold multiple times without return,"Log Action: invoice_create, Log ID: 8487"
2026-02-04T16:19:10.841512,ANOMALY_DOUBLE_SALE,Barcode,ASIT-20260127-0003,INV-20260131-00266B1F,tag,sold,DUPLICATE,Sold multiple times without return,"Log Action: invoice_create, Log ID: 8476"
2026-02-04T16:19:10.841543,ANOMALY_DOUBLE_SALE,Barcode,ASIT-20260127-0002,INV-20260131-6C9EE7BB,tag,sold,DUPLICATE,Sold multiple times without return,"Log Action: invoice_create, Log ID: 8485"
2026-02-04T16:19:10.841572,ANOMALY_DOUBLE_SALE,Barcode,ASIT-20260127-0002,INV-20260131-00266B1F,tag,sold,DUPLICATE,Sold multiple times without return,"Log Action: invoice_create, Log ID: 8475"
2026-02-04T16:19:10.841603,ANOMALY_DOUBLE_SALE,Barcode,ASIT-20260127-0017,INV-20260131-6C9EE7BB,tag,sold,DUPLICATE,Sold multiple times without return,"Log Action: invoice_create, Log ID: 8483"
2026-02-04T16:19:10.841633,ANOMALY_DOUBLE_SALE,Barcode,ASIT-20260127-0017,INV-20260131-00266B1F,tag,sold,DUPLICATE,Sold multiple times without return,"Log Action: invoice_create, Log ID: 8473"
2026-02-04T16:19:10.841664,ANOMALY_DOUBLE_SALE,Barcode,ASIT-20260127-0110,INV-20260131-6C9EE7BB,tag,sold,DUPLICATE,Sold multiple times without return,"Log Action: invoice_create, Log ID: 8481"
2026-02-04T16:19:10.841699,ANOMALY_DOUBLE_SALE,Barcode,ASIT-20260127-0110,INV-20260131-00266B1F,tag,sold,DUPLICATE,Sold multiple times without return,"Log Action: invoice_create, Log ID: 8471"
2026-02-04T16:19:10.841731,ANOMALY_DOUBLE_SALE,Barcode,ASIT-20260127-0015,INV-20260131-6C9EE7BB,tag,sold,DUPLICATE,Sold multiple times without return,"Log Action: invoice_create, Log ID: 8479"
2026-02-04T16:19:10.841764,ANOMALY_DOUBLE_SALE,Barcode,ASIT-20260127-0015,INV-20260131-00266B1F,tag,sold,DUPLICATE,Sold multiple times without return,"Log Action: invoice_create, Log ID: 8469"
2026-02-04T16:19:10.841796,ANOMALY_DOUBLE_SALE,Barcode,ASIT-20260127-0079,INV-20260131-6C9EE7BB,tag,sold,DUPLICATE,Sold multiple times without return,"Log Action: invoice_create, Log ID: 8477"
2026-02-04T16:19:10.841826,ANOMALY_DOUBLE_SALE,Barcode,ASIT-20260127-0079,INV-20260131-00266B1F,tag,sold,DUPLICATE,Sold multiple times without return,"Log Action: invoice_create, Log ID: 8467"
2026-02-04T16:19:10.841858,ANOMALY_DOUBLE_SALE,Barcode,ASIT-20260127-0109,INV-20260131-6C9EE7BB,tag,sold,DUPLICATE,Sold multiple times without return,"Log Action: invoice_create, Log ID: 8474"
2026-02-04T16:19:10.841893,ANOMALY_DOUBLE_SALE,Barcode,ASIT-20260127-0109,INV-20260131-00266B1F,tag,sold,DUPLICATE,Sold multiple times without return,"Log Action: invoice_create, Log ID: 8465"
2026-02-04T16:19:10.841924,ANOMALY_DOUBLE_SALE,Barcode,ASIT-20260127-0108,INV-20260131-6C9EE7BB,tag,sold,DUPLICATE,Sold multiple times without return,"Log Action: invoice_create, Log ID: 8472"
2026-02-04T16:19:10.841954,ANOMALY_DOUBLE_SALE,Barcode,ASIT-20260127-0108,INV-20260131-00266B1F,tag,sold,DUPLICATE,Sold multiple times without return,"Log Action: invoice_create, Log ID: 8463"
2026-02-04T16:19:10.841986,ANOMALY_DOUBLE_SALE,Barcode,ASIT-20260127-0112,INV-20260131-6C9EE7BB,tag,sold,DUPLICATE,Sold multiple times without return,"Log Action: invoice_create, Log ID: 8470"
2026-02-04T16:19:10.842016,ANOMALY_DOUBLE_SALE,Barcode,ASIT-20260127-0112,INV-20260131-00266B1F,tag,sold,DUPLICATE,Sold multiple times without return,"Log Action: invoice_create, Log ID: 8461"
2026-02-04T16:19:10.842047,ANOMALY_DOUBLE_SALE,Barcode,ASIT-20260127-0103,INV-20260131-6C9EE7BB,tag,sold,DUPLICATE,Sold multiple times without return,"Log Action: invoice_create, Log ID: 8468"
2026-02-04T16:19:10.842077,ANOMALY_DOUBLE_SALE,Barcode,ASIT-20260127-0103,INV-20260131-00266B1F,tag,sold,DUPLICATE,Sold multiple times without return,"Log Action: invoice_create, Log ID: 8459"
2026-02-04T16:19:10.842111,ANOMALY_DOUBLE_SALE,Barcode,ASIT-20260127-0087,INV-20260131-6C9EE7BB,tag,sold,DUPLICATE,Sold multiple times without return,"Log Action: invoice_create, Log ID: 8466"
2026-02-04T16:19:10.842141,ANOMALY_DOUBLE_SALE,Barcode,ASIT-20260127-0087,INV-20260131-00266B1F,tag,sold,DUPLICATE,Sold multiple times without return,"Log Action: invoice_create, Log ID: 8457"
2026-02-04T16:19:10.842173,ANOMALY_DOUBLE_SALE,Barcode,ASIT-20260127-0085,INV-20260131-6C9EE7BB,tag,sold,DUPLICATE,Sold multiple times without return,"Log Action: invoice_create, Log ID: 8464"
2026-02-04T16:19:10.842203,ANOMALY_DOUBLE_SALE,Barcode,ASIT-20260127-0085,INV-20260131-00266B1F,tag,sold,DUPLICATE,Sold multiple times without return,"Log Action: invoice_create, Log ID: 8455"
2026-02-04T16:19:10.842235,ANOMALY_DOUBLE_SALE,Barcode,ASIT-20260127-0086,INV-20260131-6C9EE7BB,tag,sold,DUPLICATE,Sold multiple times without return,"Log Action: invoice_create, Log ID: 8462"
2026-02-04T16:19:10.842264,ANOMALY_DOUBLE_SALE,Barcode,ASIT-20260127-0086,INV-20260131-00266B1F,tag,sold,DUPLICATE,Sold multiple times without return,"Log Action: invoice_create, Log ID: 8453"
2026-02-04T16:19:10.842296,ANOMALY_DOUBLE_SALE,Barcode,ASIT-20260127-0084,INV-20260131-6C9EE7BB,tag,sold,DUPLICATE,Sold multiple times without return,"Log Action: invoice_create, Log ID: 8460"
2026-02-04T16:19:10.842431,ANOMALY_DOUBLE_SALE,Barcode,ASIT-20260127-0084,INV-20260131-00266B1F,tag,sold,DUPLICATE,Sold multiple times without return,"Log Action: invoice_create, Log ID: 8452"
2026-02-04T16:19:10.842480,ANOMALY_DOUBLE_SALE,Barcode,ASIT-20260127-0097,INV-20260131-6C9EE7BB,tag,sold,DUPLICATE,Sold multiple times without return,"Log Action: invoice_create, Log ID: 8458"
2026-02-04T16:19:10.842516,ANOMALY_DOUBLE_SALE,Barcode,ASIT-20260127-0097,INV-20260131-00266B1F,tag,sold,DUPLICATE,Sold multiple times without return,"Log Action: invoice_create, Log ID: 8450"
2026-02-04T16:19:10.842549,ANOMALY_DOUBLE_SALE,Barcode,ASIT-20260127-0080,INV-20260131-6C9EE7BB,tag,sold,DUPLICATE,Sold multiple times without return,"Log Action: invoice_create, Log ID: 8456"
2026-02-04T16:19:10.842579,ANOMALY_DOUBLE_SALE,Barcode,ASIT-20260127-0080,INV-20260131-00266B1F,tag,sold,DUPLICATE,Sold multiple times without return,"Log Action: invoice_create, Log ID: 8448"
2026-02-04T16:19:10.842611,ANOMALY_DOUBLE_SALE,Barcode,ASIT-20260127-0096,INV-20260131-6C9EE7BB,tag,sold,DUPLICATE,Sold multiple times without return,"Log Action: invoice_create, Log ID: 8454"
2026-02-04T16:19:10.842641,ANOMALY_DOUBLE_SALE,Barcode,ASIT-20260127-0096,INV-20260131-00266B1F,tag,sold,DUPLICATE,Sold multiple times without return,"Log Action: invoice_create, Log ID: 8446"
2026-02-04T16:19:10.842673,ANOMALY_DOUBLE_SALE,Barcode,ASIT-20260127-0077,INV-20260131-6C9EE7BB,tag,sold,DUPLICATE,Sold multiple times without return,"Log Action: invoice_create, Log ID: 8451"
2026-02-04T16:19:10.842703,ANOMALY_DOUBLE_SALE,Barcode,ASIT-20260127-0077,INV-20260131-00266B1F,tag,sold,DUPLICATE,Sold multiple times without return,"Log Action: invoice_create, Log ID: 8444"
2026-02-04T16:19:10.842735,ANOMALY_DOUBLE_SALE,Barcode,ASIT-20260127-0088,INV-20260131-6C9EE7BB,tag,sold,DUPLICATE,Sold multiple times without return,"Log Action: invoice_create, Log ID: 8449"
2026-02-04T16:19:10.842765,ANOMALY_DOUBLE_SALE,Barcode,ASIT-20260127-0088,INV-20260131-00266B1F,tag,sold,DUPLICATE,Sold multiple times without return,"Log Action: invoice_create, Log ID: 8442"
2026-02-04T16:19:10.842797,ANOMALY_DOUBLE_SALE,Barcode,ASIT-20260127-0082,INV-20260131-6C9EE7BB,tag,sold,DUPLICATE,Sold multiple times without return,"Log Action: invoice_create, Log ID: 8447"
2026-02-04T16:19:10.842827,ANOMALY_DOUBLE_SALE,Barcode,ASIT-20260127-0082,INV-20260131-00266B1F,tag,sold,DUPLICATE,Sold multiple times without return,"Log Action: invoice_create, Log ID: 8440"
2026-02-04T16:19:10.842859,ANOMALY_DOUBLE_SALE,Barcode,ASIT-20260127-0076,INV-20260131-6C9EE7BB,tag,sold,DUPLICATE,Sold multiple times without return,"Log Action: invoice_create, Log ID: 8445"
2026-02-04T16:19:10.842888,ANOMALY_DOUBLE_SALE,Barcode,ASIT-20260127-0076,INV-20260131-00266B1F,tag,sold,DUPLICATE,Sold multiple times without return,"Log Action: invoice_create, Log ID: 8438"
2026-02-04T16:19:10.842920,ANOMALY_DOUBLE_SALE,Barcode,ASIT-20260127-0083,INV-20260131-6C9EE7BB,tag,sold,DUPLICATE,Sold multiple times without return,"Log Action: invoice_create, Log ID: 8443"
2026-02-04T16:19:10.842950,ANOMALY_DOUBLE_SALE,Barcode,ASIT-20260127-0083,INV-20260131-00266B1F,tag,sold,DUPLICATE,Sold multiple times without return,"Log Action: invoice_create, Log ID: 8436"
2026-02-04T16:19:10.842981,ANOMALY_DOUBLE_SALE,Barcode,ASIT-20260127-0081,INV-20260131-6C9EE7BB,tag,sold,DUPLICATE,Sold multiple times without return,"Log Action: invoice_create, Log ID: 8441"
2026-02-04T16:19:10.843012,ANOMALY_DOUBLE_SALE,Barcode,ASIT-20260127-0081,INV-20260131-00266B1F,tag,sold,DUPLICATE,Sold multiple times without return,"Log Action: invoice_create, Log ID: 8434"
2026-02-04T16:19:10.843044,ANOMALY_DOUBLE_SALE,Barcode,ASIT-20260127-0100,INV-20260131-6C9EE7BB,tag,sold,DUPLICATE,Sold multiple times without return,"Log Action: invoice_create, Log ID: 8439"
2026-02-04T16:19:10.843074,ANOMALY_DOUBLE_SALE,Barcode,ASIT-20260127-0100,INV-20260131-00266B1F,tag,sold,DUPLICATE,Sold multiple times without return,"Log Action: invoice_create, Log ID: 8432"
2026-02-04T16:19:10.843106,ANOMALY_DOUBLE_SALE,Barcode,ASIT-20260127-0099,INV-20260131-6C9EE7BB,tag,sold,DUPLICATE,Sold multiple times without return,"Log Action: invoice_create, Log ID: 8437"
2026-02-04T16:19:10.843136,ANOMALY_DOUBLE_SALE,Barcode,ASIT-20260127-0099,INV-20260131-00266B1F,tag,sold,DUPLICATE,Sold multiple times without return,"Log Action: invoice_create, Log ID: 8430"
2026-02-04T16:19:10.843171,ANOMALY_DOUBLE_SALE,Barcode,ASIT-20260127-0078,INV-20260131-6C9EE7BB,tag,sold,DUPLICATE,Sold multiple times without return,"Log Action: invoice_create, Log ID: 8435"
2026-02-04T16:19:10.843201,ANOMALY_DOUBLE_SALE,Barcode,ASIT-20260127-0078,INV-20260131-00266B1F,tag,sold,DUPLICATE,Sold multiple times without return,"Log Action: invoice_create, Log ID: 8428"
2026-02-04T16:19:10.843234,ANOMALY_DOUBLE_SALE,Barcode,ASIT-20260127-0075,INV-20260131-6C9EE7BB,tag,sold,DUPLICATE,Sold multiple times without return,"Log Action: invoice_create, Log ID: 8433"
2026-02-04T16:19:10.843265,ANOMALY_DOUBLE_SALE,Barcode,ASIT-20260127-0075,INV-20260131-00266B1F,tag,sold,DUPLICATE,Sold multiple times without return,"Log Action: invoice_create, Log ID: 8427"
2026-02-04T16:19:10.843298,ANOMALY_DOUBLE_SALE,Barcode,ASIT-20260127-0091,INV-20260131-6C9EE7BB,tag,sold,DUPLICATE,Sold multiple times without return,"Log Action: invoice_create, Log ID: 8431"
2026-02-04T16:19:10.843328,ANOMALY_DOUBLE_SALE,Barcode,ASIT-20260127-0091,INV-20260131-00266B1F,tag,sold,DUPLICATE,Sold multiple times without return,"Log Action: invoice_create, Log ID: 8425"
2026-02-04T16:19:10.843360,ANOMALY_DOUBLE_SALE,Barcode,ASIT-20260127-0095,INV-20260131-6C9EE7BB,tag,sold,DUPLICATE,Sold multiple times without return,"Log Action: invoice_create, Log ID: 8429"
2026-02-04T16:19:10.843389,ANOMALY_DOUBLE_SALE,Barcode,ASIT-20260127-0095,INV-20260131-00266B1F,tag,sold,DUPLICATE,Sold multiple times without return,"Log Action: invoice_create, Log ID: 8423"
2026-02-04T16:19:10.843421,ANOMALY_DOUBLE_SALE,Barcode,ASIT-20260127-0090,INV-20260131-6C9EE7BB,tag,sold,DUPLICATE,Sold multiple times without return,"Log Action: invoice_create, Log ID: 8426"
2026-02-04T16:19:10.843451,ANOMALY_DOUBLE_SALE,Barcode,ASIT-20260127-0090,INV-20260131-00266B1F,tag,sold,DUPLICATE,Sold multiple times without return,"Log Action: invoice_create, Log ID: 8421"
2026-02-04T16:19:10.843483,ANOMALY_DOUBLE_SALE,Barcode,ASIT-20260127-0105,INV-20260131-6C9EE7BB,tag,sold,DUPLICATE,Sold multiple times without return,"Log Action: invoice_create, Log ID: 8424"
2026-02-04T16:19:10.843513,ANOMALY_DOUBLE_SALE,Barcode,ASIT-20260127-0105,INV-20260131-00266B1F,tag,sold,DUPLICATE,Sold multiple times without return,"Log Action: invoice_create, Log ID: 8419"
2026-02-04T16:19:10.843544,ANOMALY_DOUBLE_SALE,Barcode,ASIT-20260127-0092,INV-20260131-6C9EE7BB,tag,sold,DUPLICATE,Sold multiple times without return,"Log Action: invoice_create, Log ID: 8422"
2026-02-04T16:19:10.843574,ANOMALY_DOUBLE_SALE,Barcode,ASIT-20260127-0092,INV-20260131-00266B1F,tag,sold,DUPLICATE,Sold multiple times without return,"Log Action: invoice_create, Log ID: 8417"
2026-02-04T16:19:10.843606,ANOMALY_DOUBLE_SALE,Barcode,ASIT-20260127-0093,INV-20260131-6C9EE7BB,tag,sold,DUPLICATE,Sold multiple times without return,"Log Action: invoice_create, Log ID: 8420"
2026-02-04T16:19:10.843636,ANOMALY_DOUBLE_SALE,Barcode,ASIT-20260127-0093,INV-20260131-00266B1F,tag,sold,DUPLICATE,Sold multiple times without return,"Log Action: invoice_create, Log ID: 8415"
2026-02-04T16:19:10.843668,ANOMALY_DOUBLE_SALE,Barcode,ASIT-20260127-0094,INV-20260131-6C9EE7BB,tag,sold,DUPLICATE,Sold multiple times without return,"Log Action: invoice_create, Log ID: 8418"
2026-02-04T16:19:10.843698,ANOMALY_DOUBLE_SALE,Barcode,ASIT-20260127-0094,INV-20260131-00266B1F,tag,sold,DUPLICATE,Sold multiple times without return,"Log Action: invoice_create, Log ID: 8413"
2026-02-04T16:19:10.843729,ANOMALY_DOUBLE_SALE,Barcode,ASIT-20260127-0098,INV-20260131-6C9EE7BB,tag,sold,DUPLICATE,Sold multiple times without return,"Log Action: invoice_create, Log ID: 8416"
2026-02-04T16:19:10.843760,ANOMALY_DOUBLE_SALE,Barcode,ASIT-20260127-0098,INV-20260131-00266B1F,tag,sold,DUPLICATE,Sold multiple times without return,"Log Action: invoice_create, Log ID: 8411"
2026-02-04T16:19:10.843792,ANOMALY_DOUBLE_SALE,Barcode,ASIT-20260127-0106,INV-20260131-6C9EE7BB,tag,sold,DUPLICATE,Sold multiple times without return,"Log Action: invoice_create, Log ID: 8414"
2026-02-04T16:19:10.843826,ANOMALY_DOUBLE_SALE,Barcode,ASIT-20260127-0106,INV-20260131-00266B1F,tag,sold,DUPLICATE,Sold multiple times without return,"Log Action: invoice_create, Log ID: 8409"
2026-02-04T16:19:10.843858,ANOMALY_DOUBLE_SALE,Barcode,ASIT-20260127-0111,INV-20260131-6C9EE7BB,tag,sold,DUPLICATE,Sold multiple times without return,"Log Action: invoice_create, Log ID: 8412"
2026-02-04T16:19:10.843889,ANOMALY_DOUBLE_SALE,Barcode,ASIT-20260127-0111,INV-20260131-00266B1F,tag,sold,DUPLICATE,Sold multiple times without return,"Log Action: invoice_create, Log ID: 8407"
2026-02-04T16:19:10.843921,ANOMALY_DOUBLE_SALE,Barcode,ASIT-20260127-0005,INV-20260131-6C9EE7BB,tag,sold,DUPLICATE,Sold multiple times without return,"Log Action: invoice_create, Log ID: 8410"
2026-02-04T16:19:10.843951,ANOMALY_DOUBLE_SALE,Barcode,ASIT-20260127-0005,INV-20260131-00266B1F,tag,sold,DUPLICATE,Sold multiple times without return,"Log Action: invoice_create, Log ID: 8406"
2026-02-04T16:19:10.843983,ANOMALY_DOUBLE_SALE,Barcode,ASIT-20260127-0102,INV-20260131-6C9EE7BB,tag,sold,DUPLICATE,Sold multiple times without return,"Log Action: invoice_create, Log ID: 8408"
2026-02-04T16:19:10.844013,ANOMALY_DOUBLE_SALE,Barcode,ASIT-20260127-0102,INV-20260131-00266B1F,tag,sold,DUPLICATE,Sold multiple times without return,"Log Action: invoice_create, Log ID: 8405"
2026-02-04T16:19:10.844047,ANOMALY_DOUBLE_SALE,Barcode,BTP-20260126-0005-44,INV-20260131-77B7EA43,tag,sold,DUPLICATE,Sold multiple times without return,"Log Action: invoice_create, Log ID: 7590"
2026-02-04T16:19:10.844077,ANOMALY_DOUBLE_SALE,Barcode,BTP-20260126-0005-44,INV-20260127-B5AD8214,tag,sold,DUPLICATE,Sold multiple times without return,"Log Action: invoice_create, Log ID: 3522"
2026-02-04T16:19:10.844111,ANOMALY_DOUBLE_SALE,Barcode,FOLD-20251209-0013,INV-20260130-8A3A0C5C,tag,sold,DUPLICATE,Sold multiple times without return,"Log Action: invoice_create, Log ID: 6585"
2026-02-04T16:19:10.844143,ANOMALY_DOUBLE_SALE,Barcode,FOLD-20251209-0013,INV-20260124-1972F4F3,tag,sold,DUPLICATE,Sold multiple times without return,"Log Action: invoice_create, Log ID: 1838"
2026-02-04T16:19:10.844177,ANOMALY_DOUBLE_SALE,Barcode,IPHO-20251223-0008,INV-20260130-96336C0D,tag,sold,DUPLICATE,Sold multiple times without return,"Log Action: invoice_create, Log ID: 6016"
2026-02-04T16:19:10.844208,ANOMALY_DOUBLE_SALE,Barcode,IPHO-20251223-0008,INV-20260129-B5BD24FC,tag,sold,DUPLICATE,Sold multiple times without return,"Log Action: invoice_create, Log ID: 5244"
2026-02-04T16:19:10.844242,ANOMALY_DOUBLE_SALE,Barcode,BTP-20260127-0025,INV-20260129-A35F11E9,tag,sold,DUPLICATE,Sold multiple times without return,"Log Action: invoice_create, Log ID: 5109"
2026-02-04T16:19:10.844273,ANOMALY_DOUBLE_SALE,Barcode,BTP-20260127-0025,INV-20260129-B38667A4,tag,sold,DUPLICATE,Sold multiple times without return,"Log Action: invoice_create, Log ID: 5084"
2026-02-04T16:19:10.844307,ANOMALY_DOUBLE_SALE,Barcode,BTP-20260127-0024,INV-20260129-A35F11E9,tag,sold,DUPLICATE,Sold multiple times without return,"Log Action: invoice_create, Log ID: 5108"
2026-02-04T16:19:10.844337,ANOMALY_DOUBLE_SALE,Barcode,BTP-20260127-0024,INV-20260129-B38667A4,tag,sold,DUPLICATE,Sold multiple times without return,"Log Action: invoice_create, Log ID: 5083"
2026-02-04T16:19:10.844369,ANOMALY_DOUBLE_SALE,Barcode,IPHO-20251223-0006,INV-20260129-A35F11E9,tag,sold,DUPLICATE,Sold multiple times without return,"Log Action: invoice_create, Log ID: 5107"
2026-02-04T16:19:10.844399,ANOMALY_DOUBLE_SALE,Barcode,IPHO-20251223-0006,INV-20260129-B38667A4,tag,sold,DUPLICATE,Sold multiple times without return,"Log Action: invoice_create, Log ID: 5085"
2026-02-04T16:19:10.844432,ANOMALY_DOUBLE_SALE,Barcode,IPHO-20251223-0005,INV-20260129-A35F11E9,tag,sold,DUPLICATE,Sold multiple times without return,"Log Action: invoice_create, Log ID: 5106"
2026-02-04T16:19:10.844462,ANOMALY_DOUBLE_SALE,Barcode,IPHO-20251223-0005,INV-20260129-B38667A4,tag,sold,DUPLICATE,Sold multiple times without return,"Log Action: invoice_create, Log ID: 5086"
2026-02-04T16:19:10.844498,ANOMALY_DOUBLE_SALE,Barcode,IPHO-20251223-0003,INV-20260129-A35F11E9,tag,sold,DUPLICATE,Sold multiple times without return,"Log Action: invoice_create, Log ID: 5105"
2026-02-04T16:19:10.844529,ANOMALY_DOUBLE_SALE,Barcode,IPHO-20251223-0003,INV-20260129-B38667A4,tag,sold,DUPLICATE,Sold multiple times without return,"Log Action: invoice_create, Log ID: 5087"
2026-02-04T16:19:10.844562,ANOMALY_DOUBLE_SALE,Barcode,FOLD-20260113-0146,INV-20260127-EC1C9108,tag,sold,DUPLICATE,Sold multiple times without return,"Log Action: invoice_create, Log ID: 4082"
2026-02-04T16:19:10.844593,ANOMALY_DOUBLE_SALE,Barcode,FOLD-20260113-0146,INV-20260127-DB5B7D89,tag,sold,DUPLICATE,Sold multiple times without return,"Log Action: invoice_create, Log ID: 4000"
2026-02-04T16:19:10.844626,ANOMALY_DOUBLE_SALE,Barcode,FOLD-20260120-0001-7,INV-20260126-74C569FE,tag,sold,DUPLICATE,Sold multiple times without return,"Log Action: invoice_create, Log ID: 3366"
2026-02-04T16:19:10.844657,ANOMALY_DOUBLE_SALE,Barcode,FOLD-20260120-0001-7,INV-20260126-31B2422A,tag,sold,DUPLICATE,Sold multiple times without return,"Log Action: invoice_create, Log ID: 3240"
2026-02-04T16:19:10.844690,ANOMALY_DOUBLE_SALE,Barcode,FOLD-20260120-0001-4,INV-20260126-74C569FE,tag,sold,DUPLICATE,Sold multiple times without return,"Log Action: invoice_create, Log ID: 3333"
2026-02-04T16:19:10.844721,ANOMALY_DOUBLE_SALE,Barcode,FOLD-20260120-0001-4,INV-20260126-31B2422A,tag,sold,DUPLICATE,Sold multiple times without return,"Log Action: invoice_create, Log ID: 3246"
2026-02-04T16:19:10.844754,ANOMALY_DOUBLE_SALE,Barcode,FOLD-20260120-0016-1,INV-20260126-D95A9BE6,tag,sold,DUPLICATE,Sold multiple times without return,"Log Action: invoice_create, Log ID: 3275"
2026-02-04T16:19:10.844785,ANOMALY_DOUBLE_SALE,Barcode,FOLD-20260120-0016-1,INV-20260126-31B2422A,tag,sold,DUPLICATE,Sold multiple times without return,"Log Action: invoice_create, Log ID: 3243"
2026-02-04T16:19:10.844815,ANOMALY_DOUBLE_SALE,Barcode,FOLD-20260120-0016-1,INV-20260126-098D0DA6,tag,sold,DUPLICATE,Sold multiple times without return,"Log Action: invoice_create, Log ID: 3242"
2026-02-04T16:19:10.844875,ANOMALY_DOUBLE_SALE,Barcode,FOLD-20260120-0017-1,INV-20260126-D95A9BE6,tag,sold,DUPLICATE,Sold multiple times without return,"Log Action: invoice_create, Log ID: 3274"
2026-02-04T16:19:10.844907,ANOMALY_DOUBLE_SALE,Barcode,FOLD-20260120-0017-1,INV-20260126-098D0DA6,tag,sold,DUPLICATE,Sold multiple times without return,"Log Action: invoice_create, Log ID: 3241"
2026-02-04T16:19:10.844940,ANOMALY_DOUBLE_SALE,Barcode,FOLD-20260120-0015-1,INV-20260126-D95A9BE6,tag,sold,DUPLICATE,Sold multiple times without return,"Log Action: invoice_create, Log ID: 3273"
2026-02-04T16:19:10.844971,ANOMALY_DOUBLE_SALE,Barcode,FOLD-20260120-0015-1,INV-20260126-098D0DA6,tag,sold,DUPLICATE,Sold multiple times without return,"Log Action: invoice_create, Log ID: 3238"
2026-02-04T16:19:10.845003,ANOMALY_DOUBLE_SALE,Barcode,FOLD-20260120-0014-1,INV-20260126-D95A9BE6,tag,sold,DUPLICATE,Sold multiple times without return,"Log Action: invoice_create, Log ID: 3272"
2026-02-04T16:19:10.845047,ANOMALY_DOUBLE_SALE,Barcode,FOLD-20260120-0014-1,INV-20260126-098D0DA6,tag,sold,DUPLICATE,Sold multiple times without return,"Log Action: invoice_create, Log ID: 3239"
2026-02-04T16:19:10.845082,ANOMALY_DOUBLE_SALE,Barcode,FOLD-20260120-0018-1,INV-20260126-D95A9BE6,tag,sold,DUPLICATE,Sold multiple times without return,"Log Action: invoice_create, Log ID: 3271"
2026-02-04T16:19:10.845113,ANOMALY_DOUBLE_SALE,Barcode,FOLD-20260120-0018-1,INV-20260126-098D0DA6,tag,sold,DUPLICATE,Sold multiple times without return,"Log Action: invoice_create, Log ID: 3245"
2026-02-04T16:19:10.845144,ANOMALY_DOUBLE_SALE,Barcode,FOLD-20260120-0018-1,INV-20260126-31B2422A,tag,sold,DUPLICATE,Sold multiple times without return,"Log Action: invoice_create, Log ID: 3244"
2026-02-04T16:19:10.845197,ANOMALY_DOUBLE_SALE,Barcode,FOLD-20260113-0148,INV-20260126-D95A9BE6,tag,sold,DUPLICATE,Sold multiple times without return,"Log Action: invoice_create, Log ID: 3270"
2026-02-04T16:19:10.845239,ANOMALY_DOUBLE_SALE,Barcode,FOLD-20260113-0148,INV-20260126-098D0DA6,tag,sold,DUPLICATE,Sold multiple times without return,"Log Action: invoice_create, Log ID: 3237"
2026-02-04T16:19:10.845274,ANOMALY_DOUBLE_SALE,Barcode,FOLD-20260113-0144,INV-20260126-D95A9BE6,tag,sold,DUPLICATE,Sold multiple times without return,"Log Action: invoice_create, Log ID: 3269"
2026-02-04T16:19:10.845306,ANOMALY_DOUBLE_SALE,Barcode,FOLD-20260113-0144,INV-20260126-098D0DA6,tag,sold,DUPLICATE,Sold multiple times without return,"Log Action: invoice_create, Log ID: 3236"
2026-02-04T16:19:10.845341,ANOMALY_DOUBLE_SALE,Barcode,TOUC-20260115-0068-2,INV-20260120-BC21A3A4,tag,sold,DUPLICATE,Sold multiple times without return,"Log Action: invoice_create, Log ID: 476"
2026-02-04T16:19:10.845373,ANOMALY_DOUBLE_SALE,Barcode,TOUC-20260115-0068-2,INV-20260120-6DEF9BA8,tag,sold,DUPLICATE,Sold multiple times without return,"Log Action: invoice_create, Log ID: 440"
2026-02-04T16:19:10.845403,ANOMALY_DOUBLE_SALE,Barcode,TOUC-20260115-0068-2,INV-20260120-A0BB0AA1,tag,sold,DUPLICATE,Sold multiple times without return,"Log Action: invoice_create, Log ID: 422"
2026-02-04T16:19:10.845436,ANOMALY_DOUBLE_SALE,Barcode,OCA-20260115-0020-101,INV-20260120-BC21A3A4,tag,sold,DUPLICATE,Sold multiple times without return,"Log Action: invoice_create, Log ID: 475"
2026-02-04T16:19:10.845466,ANOMALY_DOUBLE_SALE,Barcode,OCA-20260115-0020-101,INV-20260120-F4154ED0,tag,sold,DUPLICATE,Sold multiple times without return,"Log Action: invoice_create, Log ID: 452"
2026-02-04T16:19:10.845496,ANOMALY_DOUBLE_SALE,Barcode,OCA-20260115-0020-101,INV-20260120-A0BB0AA1,tag,sold,DUPLICATE,Sold multiple times without return,"Log Action: invoice_create, Log ID: 420"
2026-02-04T16:19:10.845529,ANOMALY_DOUBLE_SALE,Barcode,T700-20260115-0036,INV-20260120-BC21A3A4,tag,sold,DUPLICATE,Sold multiple times without return,"Log Action: invoice_create, Log ID: 474"
2026-02-04T16:19:10.845560,ANOMALY_DOUBLE_SALE,Barcode,T700-20260115-0036,INV-20260120-ADAAE9BF,tag,sold,DUPLICATE,Sold multiple times without return,"Log Action: invoice_create, Log ID: 445"
2026-02-04T16:19:10.845591,ANOMALY_DOUBLE_SALE,Barcode,T700-20260115-0036,INV-20260120-A0BB0AA1,tag,sold,DUPLICATE,Sold multiple times without return,"Log Action: invoice_create, Log ID: 423"
2026-02-04T16:19:10.845624,ANOMALY_DOUBLE_SALE,Barcode,E800-20260115-0209,INV-20260120-BC21A3A4,tag,sold,DUPLICATE,Sold multiple times without return,"Log Action: invoice_create, Log ID: 473"
2026-02-04T16:19:10.845654,ANOMALY_DOUBLE_SALE,Barcode,E800-20260115-0209,INV-20260120-ADAAE9BF,tag,sold,DUPLICATE,Sold multiple times without return,"Log Action: invoice_create, Log ID: 444"
2026-02-04T16:19:10.845686,ANOMALY_DOUBLE_SALE,Barcode,E800-20260115-0209,INV-20260120-A0BB0AA1,tag,sold,DUPLICATE,Sold multiple times without return,"Log Action: invoice_create, Log ID: 421"
2026-02-04T16:19:31.576352,ANOMALY_STATE_MISMATCH,Barcode,48501,NONE,tag,new,sold,State mismatch: Tag is new but last action was invoice_create,Last Log ID: 11996
2026-02-04T16:19:31.611207,ANOMALY_STATE_MISMATCH,Barcode,48497,NONE,tag,new,sold,State mismatch: Tag is new but last action was invoice_create,Last Log ID: 11999
2026-02-04T16:19:31.620036,ANOMALY_STATE_MISMATCH,Barcode,48496,NONE,tag,new,sold,State mismatch: Tag is new but last action was invoice_create,Last Log ID: 11997
2026-02-04T16:19:31.628889,ANOMALY_STATE_MISMATCH,Barcode,48495,NONE,tag,new,sold,State mismatch: Tag is new but last action was invoice_create,Last Log ID: 11994
2026-02-04T16:19:31.637748,ANOMALY_STATE_MISMATCH,Barcode,48494,NONE,tag,new,sold,State mismatch: Tag is new but last action was invoice_create,Last Log ID: 11995
2026-02-04T16:19:31.646796,ANOMALY_STATE_MISMATCH,Barcode,48493,NONE,tag,new,sold,State mismatch: Tag is new but last action was invoice_create,Last Log ID: 12003
2026-02-04T16:19:31.655722,ANOMALY_STATE_MISMATCH,Barcode,48492,NONE,tag,new,sold,State mismatch: Tag is new but last action was invoice_create,Last Log ID: 12002
2026-02-04T16:19:31.664738,ANOMALY_STATE_MISMATCH,Barcode,48491,NONE,tag,new,sold,State mismatch: Tag is new but last action was invoice_create,Last Log ID: 12001
2026-02-04T16:19:31.673707,ANOMALY_STATE_MISMATCH,Barcode,48490,NONE,tag,new,sold,State mismatch: Tag is new but last action was invoice_create,Last Log ID: 12000
2026-02-04T16:19:31.682942,ANOMALY_STATE_MISMATCH,Barcode,48489,NONE,tag,new,sold,State mismatch: Tag is new but last action was invoice_create,Last Log ID: 11998
2026-02-04T16:19:37.470954,ANOMALY_STATE_MISMATCH,Barcode,47821,NONE,tag,new,sold,State mismatch: Tag is new but last action was invoice_create,Last Log ID: 11813
2026-02-04T16:19:37.479665,ANOMALY_STATE_MISMATCH,Barcode,47820,NONE,tag,new,sold,State mismatch: Tag is new but last action was invoice_create,Last Log ID: 11812
2026-02-04T16:19:41.096241,ANOMALY_STATE_MISMATCH,Barcode,47426,NONE,tag,new,sold,State mismatch: Tag is new but last action was invoice_create,Last Log ID: 12489
2026-02-04T16:19:41.105107,ANOMALY_STATE_MISMATCH,Barcode,47425,NONE,tag,new,sold,State mismatch: Tag is new but last action was invoice_create,Last Log ID: 12488
2026-02-04T16:19:41.114386,ANOMALY_STATE_MISMATCH,Barcode,47424,NONE,tag,new,sold,State mismatch: Tag is new but last action was invoice_create,Last Log ID: 12487
2026-02-04T16:19:41.123324,ANOMALY_STATE_MISMATCH,Barcode,47423,NONE,tag,new,sold,State mismatch: Tag is new but last action was invoice_create,Last Log ID: 12492
2026-02-04T16:19:41.132302,ANOMALY_STATE_MISMATCH,Barcode,47422,NONE,tag,new,sold,State mismatch: Tag is new but last action was invoice_create,Last Log ID: 12493
2026-02-04T16:19:41.141248,ANOMALY_STATE_MISMATCH,Barcode,47421,NONE,tag,new,sold,State mismatch: Tag is new but last action was invoice_create,Last Log ID: 12494
2026-02-04T16:19:41.150098,ANOMALY_STATE_MISMATCH,Barcode,47420,NONE,tag,new,sold,State mismatch: Tag is new but last action was invoice_create,Last Log ID: 12495
2026-02-04T16:19:41.159222,ANOMALY_STATE_MISMATCH,Barcode,47419,NONE,tag,new,sold,State mismatch: Tag is new but last action was invoice_create,Last Log ID: 12496
2026-02-04T16:19:41.168228,ANOMALY_STATE_MISMATCH,Barcode,47418,NONE,tag,new,sold,State mismatch: Tag is new but last action was invoice_create,Last Log ID: 12491
2026-02-04T16:19:41.177168,ANOMALY_STATE_MISMATCH,Barcode,47417,NONE,tag,new,sold,State mismatch: Tag is new but last action was invoice_create,Last Log ID: 12490
2026-02-04T16:19:41.537236,ANOMALY_STATE_MISMATCH,Barcode,47376,NONE,tag,new,sold,State mismatch: Tag is new but last action was invoice_create,Last Log ID: 11581
2026-02-04T16:19:41.546944,ANOMALY_STATE_MISMATCH,Barcode,47375,NONE,tag,new,sold,State mismatch: Tag is new but last action was invoice_create,Last Log ID: 11580
2026-02-04T16:19:41.556759,ANOMALY_STATE_MISMATCH,Barcode,47374,NONE,tag,new,sold,State mismatch: Tag is new but last action was invoice_create,Last Log ID: 11579
2026-02-04T16:19:41.566654,ANOMALY_STATE_MISMATCH,Barcode,47373,NONE,tag,new,sold,State mismatch: Tag is new but last action was invoice_create,Last Log ID: 11578
2026-02-04T16:19:41.576044,ANOMALY_STATE_MISMATCH,Barcode,47372,NONE,tag,new,sold,State mismatch: Tag is new but last action was invoice_create,Last Log ID: 11577
2026-02-04T16:19:41.585101,ANOMALY_STATE_MISMATCH,Barcode,47371,NONE,tag,new,sold,State mismatch: Tag is new but last action was invoice_create,Last Log ID: 11586
2026-02-04T16:19:41.594199,ANOMALY_STATE_MISMATCH,Barcode,47370,NONE,tag,new,sold,State mismatch: Tag is new but last action was invoice_create,Last Log ID: 11585
2026-02-04T16:19:41.603383,ANOMALY_STATE_MISMATCH,Barcode,47369,NONE,tag,new,sold,State mismatch: Tag is new but last action was invoice_create,Last Log ID: 11584
2026-02-04T16:19:41.613020,ANOMALY_STATE_MISMATCH,Barcode,47368,NONE,tag,new,sold,State mismatch: Tag is new but last action was invoice_create,Last Log ID: 11583
2026-02-04T16:19:41.622879,ANOMALY_STATE_MISMATCH,Barcode,47367,NONE,tag,new,sold,State mismatch: Tag is new but last action was invoice_create,Last Log ID: 11582
2026-02-04T16:19:43.533415,ANOMALY_STATE_MISMATCH,Barcode,47171,NONE,tag,new,sold,State mismatch: Tag is new but last action was invoice_create,Last Log ID: 11193
2026-02-04T16:19:43.542444,ANOMALY_STATE_MISMATCH,Barcode,47170,NONE,tag,new,sold,State mismatch: Tag is new but last action was invoice_create,Last Log ID: 11192
2026-02-04T16:19:43.551406,ANOMALY_STATE_MISMATCH,Barcode,47169,NONE,tag,new,sold,State mismatch: Tag is new but last action was invoice_create,Last Log ID: 11195
2026-02-04T16:19:43.560435,ANOMALY_STATE_MISMATCH,Barcode,47168,NONE,tag,new,sold,State mismatch: Tag is new but last action was invoice_create,Last Log ID: 11190
2026-02-04T16:19:43.569351,ANOMALY_STATE_MISMATCH,Barcode,47167,NONE,tag,new,sold,State mismatch: Tag is new but last action was invoice_create,Last Log ID: 11194
2026-02-04T16:19:43.578283,ANOMALY_STATE_MISMATCH,Barcode,47166,NONE,tag,new,sold,State mismatch: Tag is new but last action was invoice_create,Last Log ID: 11191
2026-02-04T16:19:43.587284,ANOMALY_STATE_MISMATCH,Barcode,47165,NONE,tag,new,sold,State mismatch: Tag is new but last action was invoice_create,Last Log ID: 11199
2026-02-04T16:19:43.596164,ANOMALY_STATE_MISMATCH,Barcode,47164,NONE,tag,new,sold,State mismatch: Tag is new but last action was invoice_create,Last Log ID: 11198
2026-02-04T16:19:43.605012,ANOMALY_STATE_MISMATCH,Barcode,47163,NONE,tag,new,sold,State mismatch: Tag is new but last action was invoice_create,Last Log ID: 11197
2026-02-04T16:19:43.613934,ANOMALY_STATE_MISMATCH,Barcode,47162,NONE,tag,new,sold,State mismatch: Tag is new but last action was invoice_create,Last Log ID: 11196
2026-02-04T16:19:44.208587,ANOMALY_STATE_MISMATCH,Barcode,47094,NONE,tag,new,sold,State mismatch: Tag is new but last action was invoice_create,Last Log ID: 11753
2026-02-04T16:19:44.217470,ANOMALY_STATE_MISMATCH,Barcode,47093,NONE,tag,new,sold,State mismatch: Tag is new but last action was invoice_create,Last Log ID: 11754
2026-02-04T16:19:44.226265,ANOMALY_STATE_MISMATCH,Barcode,47092,NONE,tag,new,sold,State mismatch: Tag is new but last action was invoice_create,Last Log ID: 11755
2026-02-04T16:19:51.115509,ANOMALY_STATE_MISMATCH,Barcode,46321,NONE,tag,new,sold,State mismatch: Tag is new but last action was invoice_create,Last Log ID: 12064
2026-02-04T16:19:51.133096,ANOMALY_STATE_MISMATCH,Barcode,46319,NONE,tag,new,sold,State mismatch: Tag is new but last action was invoice_create,Last Log ID: 12061
2026-02-04T16:19:51.142096,ANOMALY_STATE_MISMATCH,Barcode,46318,NONE,tag,new,sold,State mismatch: Tag is new but last action was invoice_create,Last Log ID: 12063
2026-02-04T16:19:51.151111,ANOMALY_STATE_MISMATCH,Barcode,46317,NONE,tag,new,sold,State mismatch: Tag is new but last action was invoice_create,Last Log ID: 12062
2026-02-04T16:19:51.159903,ANOMALY_STATE_MISMATCH,Barcode,46316,NONE,tag,new,sold,State mismatch: Tag is new but last action was invoice_create,Last Log ID: 12065
2026-02-04T16:19:51.482856,ANOMALY_STATE_MISMATCH,Barcode,46279,NONE,tag,new,sold,State mismatch: Tag is new but last action was invoice_create,Last Log ID: 11993
2026-02-04T16:19:51.491582,ANOMALY_STATE_MISMATCH,Barcode,46278,NONE,tag,new,sold,State mismatch: Tag is new but last action was invoice_create,Last Log ID: 11992
2026-02-04T16:19:51.500349,ANOMALY_STATE_MISMATCH,Barcode,46277,NONE,tag,new,sold,State mismatch: Tag is new but last action was invoice_create,Last Log ID: 11709
2026-02-04T16:19:51.509345,ANOMALY_STATE_MISMATCH,Barcode,46276,NONE,tag,new,sold,State mismatch: Tag is new but last action was invoice_create,Last Log ID: 11705
2026-02-04T16:19:51.518110,ANOMALY_STATE_MISMATCH,Barcode,46275,NONE,tag,new,sold,State mismatch: Tag is new but last action was invoice_create,Last Log ID: 11991
2026-02-04T16:19:51.527010,ANOMALY_STATE_MISMATCH,Barcode,46274,NONE,tag,new,sold,State mismatch: Tag is new but last action was invoice_create,Last Log ID: 11990
2026-02-04T16:19:51.535803,ANOMALY_STATE_MISMATCH,Barcode,46273,NONE,tag,new,sold,State mismatch: Tag is new but last action was invoice_create,Last Log ID: 11989
2026-02-04T16:19:51.544702,ANOMALY_STATE_MISMATCH,Barcode,46272,NONE,tag,new,sold,State mismatch: Tag is new but last action was invoice_create,Last Log ID: 11708
2026-02-04T16:19:51.553573,ANOMALY_STATE_MISMATCH,Barcode,46271,NONE,tag,new,sold,State mismatch: Tag is new but last action was invoice_create,Last Log ID: 11707
2026-02-04T16:19:51.562521,ANOMALY_STATE_MISMATCH,Barcode,46270,NONE,tag,new,sold,State mismatch: Tag is new but last action was invoice_create,Last Log ID: 11706
2026-02-04T16:19:51.744898,ANOMALY_STATE_MISMATCH,Barcode,46249,NONE,tag,new,sold,State mismatch: Tag is new but last action was invoice_create,Last Log ID: 11830
2026-02-04T16:19:51.753611,ANOMALY_STATE_MISMATCH,Barcode,46248,NONE,tag,new,sold,State mismatch: Tag is new but last action was invoice_create,Last Log ID: 11829
2026-02-04T16:19:51.762524,ANOMALY_STATE_MISMATCH,Barcode,46247,NONE,tag,new,sold,State mismatch: Tag is new but last action was invoice_create,Last Log ID: 11828
2026-02-04T16:19:51.805468,ANOMALY_STATE_MISMATCH,Barcode,46242,NONE,tag,new,sold,State mismatch: Tag is new but last action was invoice_create,Last Log ID: 12588
2026-02-04T16:19:55.147145,ANOMALY_STATE_MISMATCH,Barcode,45865,NONE,tag,new,sold,State mismatch: Tag is new but last action was invoice_create,Last Log ID: 11434
2026-02-04T16:19:56.633809,ANOMALY_STATE_MISMATCH,Barcode,45711,NONE,tag,new,sold,State mismatch: Tag is new but last action was invoice_create,Last Log ID: 8952
2026-02-04T16:19:56.747008,ANOMALY_STATE_MISMATCH,Barcode,45699,NONE,tag,new,sold,State mismatch: Tag is new but last action was invoice_create,Last Log ID: 7564
2026-02-04T16:19:57.872977,ANOMALY_STATE_MISMATCH,Barcode,45570,NONE,tag,unknown,returned,State mismatch: Tag is unknown but last action was replacement_return,Last Log ID: 11419
2026-02-04T16:20:00.313828,ANOMALY_STATE_MISMATCH,Barcode,45308,NONE,tag,unknown,returned,State mismatch: Tag is unknown but last action was replacement_return,Last Log ID: 11988
2026-02-04T16:20:00.624758,ANOMALY_STATE_MISMATCH,Barcode,45279,NONE,tag,new,sold,State mismatch: Tag is new but last action was invoice_create,Last Log ID: 11910
2026-02-04T16:20:00.726039,ANOMALY_STATE_MISMATCH,Barcode,45268,NONE,tag,new,sold,State mismatch: Tag is new but last action was invoice_create,Last Log ID: 11911
2026-02-04T16:20:00.770935,ANOMALY_STATE_MISMATCH,Barcode,45263,NONE,tag,new,sold,State mismatch: Tag is new but last action was invoice_create,Last Log ID: 7960
2026-02-04T16:20:01.379193,ANOMALY_STATE_MISMATCH,Barcode,45198,NONE,tag,new,sold,State mismatch: Tag is new but last action was invoice_create,Last Log ID: 7569
2026-02-04T16:20:06.922108,ANOMALY_STATE_MISMATCH,Barcode,44603,NONE,tag,new,sold,State mismatch: Tag is new but last action was invoice_create,Last Log ID: 11407
2026-02-04T16:20:06.931087,ANOMALY_STATE_MISMATCH,Barcode,44602,NONE,tag,new,sold,State mismatch: Tag is new but last action was invoice_create,Last Log ID: 12388
2026-02-04T16:20:07.244765,ANOMALY_STATE_MISMATCH,Barcode,44566,NONE,tag,new,sold,State mismatch: Tag is new but last action was invoice_create,Last Log ID: 12520
2026-02-04T16:20:07.271113,ANOMALY_STATE_MISMATCH,Barcode,44563,NONE,tag,new,returned,State mismatch: Tag is new but last action was replacement_return,Last Log ID: 11745
2026-02-04T16:20:07.297474,ANOMALY_STATE_MISMATCH,Barcode,44560,NONE,tag,new,sold,State mismatch: Tag is new but last action was invoice_create,Last Log ID: 9073
2026-02-04T16:20:07.306532,ANOMALY_STATE_MISMATCH,Barcode,44559,NONE,tag,new,sold,State mismatch: Tag is new but last action was invoice_create,Last Log ID: 9074
2026-02-04T16:20:07.315542,ANOMALY_STATE_MISMATCH,Barcode,44558,NONE,tag,new,sold,State mismatch: Tag is new but last action was invoice_create,Last Log ID: 9075
2026-02-04T16:20:07.324595,ANOMALY_STATE_MISMATCH,Barcode,44557,NONE,tag,new,sold,State mismatch: Tag is new but last action was invoice_create,Last Log ID: 12512
2026-02-04T16:20:07.333603,ANOMALY_STATE_MISMATCH,Barcode,44556,NONE,tag,new,sold,State mismatch: Tag is new but last action was invoice_create,Last Log ID: 9077
2026-02-04T16:20:07.342789,ANOMALY_STATE_MISMATCH,Barcode,44555,NONE,tag,new,sold,State mismatch: Tag is new but last action was invoice_create,Last Log ID: 11359
2026-02-04T16:20:07.351813,ANOMALY_STATE_MISMATCH,Barcode,44554,NONE,tag,new,sold,State mismatch: Tag is new but last action was invoice_create,Last Log ID: 11408
2026-02-04T16:20:07.360961,ANOMALY_STATE_MISMATCH,Barcode,44553,NONE,tag,new,sold,State mismatch: Tag is new but last action was invoice_create,Last Log ID: 11407
2026-02-04T16:20:07.370906,ANOMALY_STATE_MISMATCH,Barcode,44552,NONE,tag,new,sold,State mismatch: Tag is new but last action was invoice_create,Last Log ID: 12388
2026-02-04T16:20:07.379895,ANOMALY_STATE_MISMATCH,Barcode,44551,NONE,tag,new,sold,State mismatch: Tag is new but last action was invoice_create,Last Log ID: 9150
2026-02-04T16:20:07.486123,ANOMALY_STATE_MISMATCH,Barcode,44540,NONE,tag,new,sold,State mismatch: Tag is new but last action was invoice_create,Last Log ID: 7674
2026-02-04T16:20:07.495599,ANOMALY_STATE_MISMATCH,Barcode,44539,NONE,tag,new,sold,State mismatch: Tag is new but last action was invoice_create,Last Log ID: 7672
2026-02-04T16:20:07.505097,ANOMALY_STATE_MISMATCH,Barcode,44538,NONE,tag,new,sold,State mismatch: Tag is new but last action was invoice_create,Last Log ID: 7670
2026-02-04T16:20:07.514180,ANOMALY_STATE_MISMATCH,Barcode,44537,NONE,tag,new,sold,State mismatch: Tag is new but last action was invoice_create,Last Log ID: 7676
2026-02-04T16:20:07.523270,ANOMALY_STATE_MISMATCH,Barcode,44536,NONE,tag,new,sold,State mismatch: Tag is new but last action was invoice_create,Last Log ID: 7669
2026-02-04T16:20:07.532056,ANOMALY_STATE_MISMATCH,Barcode,44535,NONE,tag,new,sold,State mismatch: Tag is new but last action was invoice_create,Last Log ID: 7668
2026-02-04T16:20:07.540939,ANOMALY_STATE_MISMATCH,Barcode,44534,NONE,tag,new,sold,State mismatch: Tag is new but last action was invoice_create,Last Log ID: 7671
2026-02-04T16:20:07.549706,ANOMALY_STATE_MISMATCH,Barcode,44533,NONE,tag,new,sold,State mismatch: Tag is new but last action was invoice_create,Last Log ID: 7667
2026-02-04T16:20:07.558835,ANOMALY_STATE_MISMATCH,Barcode,44532,NONE,tag,new,sold,State mismatch: Tag is new but last action was invoice_create,Last Log ID: 7659
2026-02-04T16:20:07.567775,ANOMALY_STATE_MISMATCH,Barcode,44531,NONE,tag,new,sold,State mismatch: Tag is new but last action was invoice_create,Last Log ID: 7658
2026-02-04T16:20:07.576612,ANOMALY_STATE_MISMATCH,Barcode,44530,NONE,tag,new,sold,State mismatch: Tag is new but last action was invoice_create,Last Log ID: 7660
2026-02-04T16:20:07.585664,ANOMALY_STATE_MISMATCH,Barcode,44529,NONE,tag,new,sold,State mismatch: Tag is new but last action was invoice_create,Last Log ID: 7663
2026-02-04T16:20:07.595475,ANOMALY_STATE_MISMATCH,Barcode,44528,NONE,tag,new,sold,State mismatch: Tag is new but last action was invoice_create,Last Log ID: 8002
2026-02-04T16:20:07.605719,ANOMALY_STATE_MISMATCH,Barcode,44527,NONE,tag,new,sold,State mismatch: Tag is new but last action was invoice_create,Last Log ID: 8004
2026-02-04T16:20:07.615962,ANOMALY_STATE_MISMATCH,Barcode,44526,NONE,tag,new,sold,State mismatch: Tag is new but last action was invoice_create,Last Log ID: 8005
2026-02-04T16:20:07.626017,ANOMALY_STATE_MISMATCH,Barcode,44525,NONE,tag,new,sold,State mismatch: Tag is new but last action was invoice_create,Last Log ID: 8006
2026-02-04T16:20:07.635616,ANOMALY_STATE_MISMATCH,Barcode,44524,NONE,tag,new,sold,State mismatch: Tag is new but last action was invoice_create,Last Log ID: 8010
2026-02-04T16:20:07.645641,ANOMALY_STATE_MISMATCH,Barcode,44523,NONE,tag,new,sold,State mismatch: Tag is new but last action was invoice_create,Last Log ID: 8007
2026-02-04T16:20:07.654894,ANOMALY_STATE_MISMATCH,Barcode,44522,NONE,tag,new,sold,State mismatch: Tag is new but last action was invoice_create,Last Log ID: 8008
2026-02-04T16:20:07.664205,ANOMALY_STATE_MISMATCH,Barcode,44521,NONE,tag,new,sold,State mismatch: Tag is new but last action was invoice_create,Last Log ID: 8001
2026-02-04T16:20:07.673543,ANOMALY_STATE_MISMATCH,Barcode,44520,NONE,tag,new,sold,State mismatch: Tag is new but last action was invoice_create,Last Log ID: 8009
2026-02-04T16:20:07.682869,ANOMALY_STATE_MISMATCH,Barcode,44519,NONE,tag,new,sold,State mismatch: Tag is new but last action was invoice_create,Last Log ID: 8003
2026-02-04T16:20:07.692010,ANOMALY_STATE_MISMATCH,Barcode,44518,NONE,tag,new,sold,State mismatch: Tag is new but last action was invoice_create,Last Log ID: 7664
2026-02-04T16:20:07.791846,ANOMALY_STATE_MISMATCH,Barcode,44507,NONE,tag,new,sold,State mismatch: Tag is new but last action was invoice_create,Last Log ID: 7481
2026-02-04T16:20:07.800830,ANOMALY_STATE_MISMATCH,Barcode,44506,NONE,tag,new,sold,State mismatch: Tag is new but last action was invoice_create,Last Log ID: 7480
2026-02-04T16:20:07.810027,ANOMALY_STATE_MISMATCH,Barcode,44505,NONE,tag,new,sold,State mismatch: Tag is new but last action was invoice_create,Last Log ID: 7489
2026-02-04T16:20:07.819452,ANOMALY_STATE_MISMATCH,Barcode,44504,NONE,tag,new,sold,State mismatch: Tag is new but last action was invoice_create,Last Log ID: 7488
2026-02-04T16:20:07.828925,ANOMALY_STATE_MISMATCH,Barcode,44503,NONE,tag,new,sold,State mismatch: Tag is new but last action was invoice_create,Last Log ID: 7487
2026-02-04T16:20:07.838093,ANOMALY_STATE_MISMATCH,Barcode,44502,NONE,tag,new,sold,State mismatch: Tag is new but last action was invoice_create,Last Log ID: 7486
2026-02-04T16:20:07.847219,ANOMALY_STATE_MISMATCH,Barcode,44501,NONE,tag,new,sold,State mismatch: Tag is new but last action was invoice_create,Last Log ID: 7485
2026-02-04T16:20:07.856309,ANOMALY_STATE_MISMATCH,Barcode,44500,NONE,tag,new,sold,State mismatch: Tag is new but last action was invoice_create,Last Log ID: 8852
2026-02-04T16:20:07.865319,ANOMALY_STATE_MISMATCH,Barcode,44499,NONE,tag,new,sold,State mismatch: Tag is new but last action was invoice_create,Last Log ID: 8851
2026-02-04T16:20:07.874198,ANOMALY_STATE_MISMATCH,Barcode,44498,NONE,tag,new,sold,State mismatch: Tag is new but last action was invoice_create,Last Log ID: 8850
2026-02-04T16:20:07.972497,ANOMALY_STATE_MISMATCH,Barcode,44487,NONE,tag,new,sold,State mismatch: Tag is new but last action was invoice_create,Last Log ID: 7460
2026-02-04T16:20:07.981437,ANOMALY_STATE_MISMATCH,Barcode,44486,NONE,tag,new,sold,State mismatch: Tag is new but last action was invoice_create,Last Log ID: 7461
2026-02-04T16:20:07.990553,ANOMALY_STATE_MISMATCH,Barcode,44485,NONE,tag,new,sold,State mismatch: Tag is new but last action was invoice_create,Last Log ID: 7469
2026-02-04T16:20:07.999830,ANOMALY_STATE_MISMATCH,Barcode,44484,NONE,tag,new,sold,State mismatch: Tag is new but last action was invoice_create,Last Log ID: 7468
2026-02-04T16:20:08.015782,ANOMALY_STATE_MISMATCH,Barcode,44483,NONE,tag,new,sold,State mismatch: Tag is new but last action was invoice_create,Last Log ID: 7465
2026-02-04T16:20:08.025461,ANOMALY_STATE_MISMATCH,Barcode,44482,NONE,tag,new,sold,State mismatch: Tag is new but last action was invoice_create,Last Log ID: 7467
2026-02-04T16:20:08.034556,ANOMALY_STATE_MISMATCH,Barcode,44481,NONE,tag,new,sold,State mismatch: Tag is new but last action was invoice_create,Last Log ID: 7466
2026-02-04T16:20:08.043561,ANOMALY_STATE_MISMATCH,Barcode,44480,NONE,tag,new,sold,State mismatch: Tag is new but last action was invoice_create,Last Log ID: 7798
2026-02-04T16:20:08.052759,ANOMALY_STATE_MISMATCH,Barcode,44479,NONE,tag,new,sold,State mismatch: Tag is new but last action was invoice_create,Last Log ID: 7803
2026-02-04T16:20:08.151020,ANOMALY_STATE_MISMATCH,Barcode,44468,NONE,tag,new,sold,State mismatch: Tag is new but last action was invoice_create,Last Log ID: 12315
2026-02-04T16:20:08.159951,ANOMALY_STATE_MISMATCH,Barcode,44467,NONE,tag,new,sold,State mismatch: Tag is new but last action was invoice_create,Last Log ID: 7476
2026-02-04T16:20:08.169024,ANOMALY_STATE_MISMATCH,Barcode,44466,NONE,tag,new,sold,State mismatch: Tag is new but last action was invoice_create,Last Log ID: 7478
2026-02-04T16:20:08.177977,ANOMALY_STATE_MISMATCH,Barcode,44465,NONE,tag,new,sold,State mismatch: Tag is new but last action was invoice_create,Last Log ID: 12498
2026-02-04T16:20:08.187154,ANOMALY_STATE_MISMATCH,Barcode,44464,NONE,tag,new,sold,State mismatch: Tag is new but last action was invoice_create,Last Log ID: 12173
2026-02-04T16:20:08.195972,ANOMALY_STATE_MISMATCH,Barcode,44463,NONE,tag,new,sold,State mismatch: Tag is new but last action was invoice_create,Last Log ID: 12497
2026-02-04T16:20:08.204805,ANOMALY_STATE_MISMATCH,Barcode,44462,NONE,tag,new,sold,State mismatch: Tag is new but last action was invoice_create,Last Log ID: 7470
2026-02-04T16:20:08.213629,ANOMALY_STATE_MISMATCH,Barcode,44461,NONE,tag,new,sold,State mismatch: Tag is new but last action was invoice_create,Last Log ID: 7474
2026-02-04T16:20:08.222687,ANOMALY_STATE_MISMATCH,Barcode,44460,NONE,tag,new,sold,State mismatch: Tag is new but last action was invoice_create,Last Log ID: 7494
2026-02-04T16:20:08.231525,ANOMALY_STATE_MISMATCH,Barcode,44459,NONE,tag,new,sold,State mismatch: Tag is new but last action was invoice_create,Last Log ID: 7493
2026-02-04T16:20:08.240210,ANOMALY_STATE_MISMATCH,Barcode,44458,NONE,tag,new,sold,State mismatch: Tag is new but last action was invoice_create,Last Log ID: 7492
2026-02-04T16:20:08.248928,ANOMALY_STATE_MISMATCH,Barcode,44457,NONE,tag,new,sold,State mismatch: Tag is new but last action was invoice_create,Last Log ID: 7491
2026-02-04T16:20:08.257812,ANOMALY_STATE_MISMATCH,Barcode,44456,NONE,tag,new,sold,State mismatch: Tag is new but last action was invoice_create,Last Log ID: 7490
2026-02-04T16:20:08.266863,ANOMALY_STATE_MISMATCH,Barcode,44455,NONE,tag,new,sold,State mismatch: Tag is new but last action was invoice_create,Last Log ID: 7499
2026-02-04T16:20:08.275774,ANOMALY_STATE_MISMATCH,Barcode,44454,NONE,tag,new,sold,State mismatch: Tag is new but last action was invoice_create,Last Log ID: 7498
2026-02-04T16:20:08.284705,ANOMALY_STATE_MISMATCH,Barcode,44453,NONE,tag,new,sold,State mismatch: Tag is new but last action was invoice_create,Last Log ID: 7497
2026-02-04T16:20:08.293691,ANOMALY_STATE_MISMATCH,Barcode,44452,NONE,tag,new,sold,State mismatch: Tag is new but last action was invoice_create,Last Log ID: 7496
2026-02-04T16:20:08.302849,ANOMALY_STATE_MISMATCH,Barcode,44451,NONE,tag,new,sold,State mismatch: Tag is new but last action was invoice_create,Last Log ID: 7495
2026-02-04T16:20:08.816107,ANOMALY_STATE_MISMATCH,Barcode,44393,NONE,tag,new,sold,State mismatch: Tag is new but last action was invoice_create,Last Log ID: 8685
2026-02-04T16:20:08.843070,ANOMALY_STATE_MISMATCH,Barcode,44390,NONE,tag,new,sold,State mismatch: Tag is new but last action was invoice_create,Last Log ID: 7992
2026-02-04T16:20:08.851955,ANOMALY_STATE_MISMATCH,Barcode,44389,NONE,tag,new,sold,State mismatch: Tag is new but last action was invoice_create,Last Log ID: 7991
2026-02-04T16:20:08.860902,ANOMALY_STATE_MISMATCH,Barcode,44388,NONE,tag,new,sold,State mismatch: Tag is new but last action was invoice_create,Last Log ID: 7994
2026-02-04T16:20:08.869694,ANOMALY_STATE_MISMATCH,Barcode,44387,NONE,tag,new,sold,State mismatch: Tag is new but last action was invoice_create,Last Log ID: 7993
2026-02-04T16:20:08.878875,ANOMALY_STATE_MISMATCH,Barcode,44386,NONE,tag,new,sold,State mismatch: Tag is new but last action was invoice_create,Last Log ID: 7995
2026-02-04T16:20:08.887871,ANOMALY_STATE_MISMATCH,Barcode,44385,NONE,tag,new,sold,State mismatch: Tag is new but last action was invoice_create,Last Log ID: 8000
2026-02-04T16:20:08.896976,ANOMALY_STATE_MISMATCH,Barcode,44384,NONE,tag,new,sold,State mismatch: Tag is new but last action was invoice_create,Last Log ID: 7999
2026-02-04T16:20:08.905931,ANOMALY_STATE_MISMATCH,Barcode,44383,NONE,tag,new,sold,State mismatch: Tag is new but last action was invoice_create,Last Log ID: 7998
2026-02-04T16:20:08.915060,ANOMALY_STATE_MISMATCH,Barcode,44382,NONE,tag,new,sold,State mismatch: Tag is new but last action was invoice_create,Last Log ID: 7997
2026-02-04T16:20:08.923997,ANOMALY_STATE_MISMATCH,Barcode,44381,NONE,tag,new,sold,State mismatch: Tag is new but last action was invoice_create,Last Log ID: 7996
2026-02-04T16:20:08.932941,ANOMALY_STATE_MISMATCH,Barcode,44380,NONE,tag,new,sold,State mismatch: Tag is new but last action was invoice_create,Last Log ID: 7990
2026-02-04T16:20:08.941836,ANOMALY_STATE_MISMATCH,Barcode,44379,NONE,tag,new,sold,State mismatch: Tag is new but last action was invoice_create,Last Log ID: 7989
2026-02-04T16:20:08.950849,ANOMALY_STATE_MISMATCH,Barcode,44378,NONE,tag,new,sold,State mismatch: Tag is new but last action was invoice_create,Last Log ID: 7988
2026-02-04T16:20:08.959686,ANOMALY_STATE_MISMATCH,Barcode,44377,NONE,tag,new,sold,State mismatch: Tag is new but last action was invoice_create,Last Log ID: 7987
2026-02-04T16:20:08.968516,ANOMALY_STATE_MISMATCH,Barcode,44376,NONE,tag,new,sold,State mismatch: Tag is new but last action was invoice_create,Last Log ID: 7986
2026-02-04T16:20:08.977370,ANOMALY_STATE_MISMATCH,Barcode,44375,NONE,tag,new,sold,State mismatch: Tag is new but last action was invoice_create,Last Log ID: 7985
2026-02-04T16:20:08.986143,ANOMALY_STATE_MISMATCH,Barcode,44374,NONE,tag,new,sold,State mismatch: Tag is new but last action was invoice_create,Last Log ID: 7984
2026-02-04T16:20:08.995553,ANOMALY_STATE_MISMATCH,Barcode,44373,NONE,tag,new,sold,State mismatch: Tag is new but last action was invoice_create,Last Log ID: 7983
2026-02-04T16:20:09.004702,ANOMALY_STATE_MISMATCH,Barcode,44372,NONE,tag,new,sold,State mismatch: Tag is new but last action was invoice_create,Last Log ID: 7982
2026-02-04T16:20:09.014187,ANOMALY_STATE_MISMATCH,Barcode,44371,NONE,tag,new,sold,State mismatch: Tag is new but last action was invoice_create,Last Log ID: 7981
2026-02-04T16:20:20.917626,ANOMALY_STATE_MISMATCH,Barcode,42996,NONE,tag,new,sold,State mismatch: Tag is new but last action was invoice_create,Last Log ID: 5360
2026-02-04T16:20:20.952683,ANOMALY_STATE_MISMATCH,Barcode,42992,NONE,tag,new,sold,State mismatch: Tag is new but last action was invoice_create,Last Log ID: 5361
2026-02-04T16:20:21.188052,ANOMALY_STATE_MISMATCH,Barcode,42965,NONE,tag,new,sold,State mismatch: Tag is new but last action was invoice_create,Last Log ID: 7578
2026-02-04T16:20:21.368048,ANOMALY_STATE_MISMATCH,Barcode,42944,NONE,tag,new,sold,State mismatch: Tag is new but last action was invoice_create,Last Log ID: 7567
2026-02-04T16:20:21.376858,ANOMALY_STATE_MISMATCH,Barcode,42943,NONE,tag,new,sold,State mismatch: Tag is new but last action was invoice_create,Last Log ID: 7525
2026-02-04T16:20:21.472090,ANOMALY_STATE_MISMATCH,Barcode,42932,NONE,tag,new,sold,State mismatch: Tag is new but last action was invoice_create,Last Log ID: 11734
2026-02-04T16:20:21.489436,ANOMALY_STATE_MISMATCH,Barcode,42930,NONE,tag,new,sold,State mismatch: Tag is new but last action was invoice_create,Last Log ID: 8380
2026-02-04T16:20:23.237702,ANOMALY_STATE_MISMATCH,Barcode,42729,NONE,tag,new,sold,State mismatch: Tag is new but last action was invoice_create,Last Log ID: 9490
2026-02-04T16:20:23.263264,ANOMALY_STATE_MISMATCH,Barcode,42726,NONE,tag,new,sold,State mismatch: Tag is new but last action was invoice_create,Last Log ID: 11971
2026-02-04T16:20:23.382849,ANOMALY_STATE_MISMATCH,Barcode,42712,NONE,tag,new,sold,State mismatch: Tag is new but last action was invoice_create,Last Log ID: 9491
2026-02-04T16:20:23.408641,ANOMALY_STATE_MISMATCH,Barcode,42709,NONE,tag,new,sold,State mismatch: Tag is new but last action was invoice_create,Last Log ID: 9493
2026-02-04T16:20:23.426628,ANOMALY_STATE_MISMATCH,Barcode,42707,NONE,tag,new,sold,State mismatch: Tag is new but last action was invoice_create,Last Log ID: 9494
2026-02-04T16:20:23.910191,ANOMALY_STATE_MISMATCH,Barcode,42651,NONE,tag,new,sold,State mismatch: Tag is new but last action was invoice_create,Last Log ID: 8374
2026-02-04T16:20:24.074822,ANOMALY_STATE_MISMATCH,Barcode,42632,NONE,tag,new,sold,State mismatch: Tag is new but last action was invoice_create,Last Log ID: 8373
2026-02-04T16:20:24.083805,ANOMALY_STATE_MISMATCH,Barcode,42631,NONE,tag,new,sold,State mismatch: Tag is new but last action was invoice_create,Last Log ID: 8371
2026-02-04T16:20:24.455216,ANOMALY_STATE_MISMATCH,Barcode,42588,NONE,tag,new,sold,State mismatch: Tag is new but last action was invoice_create,Last Log ID: 8378
2026-02-04T16:20:24.472375,ANOMALY_STATE_MISMATCH,Barcode,42586,NONE,tag,new,sold,State mismatch: Tag is new but last action was invoice_create,Last Log ID: 8376
2026-02-04T16:20:24.481417,ANOMALY_STATE_MISMATCH,Barcode,42585,NONE,tag,new,sold,State mismatch: Tag is new but last action was invoice_create,Last Log ID: 8375
2026-02-04T16:20:24.713907,ANOMALY_STATE_MISMATCH,Barcode,42558,NONE,tag,new,sold,State mismatch: Tag is new but last action was invoice_create,Last Log ID: 11817
2026-02-04T16:20:24.722798,ANOMALY_STATE_MISMATCH,Barcode,42557,NONE,tag,new,returned,State mismatch: Tag is new but last action was replacement_return,Last Log ID: 11672
2026-02-04T16:20:24.740084,ANOMALY_STATE_MISMATCH,Barcode,42555,NONE,tag,new,sold,State mismatch: Tag is new but last action was invoice_create,Last Log ID: 8379
2026-02-04T16:20:24.748816,ANOMALY_STATE_MISMATCH,Barcode,42554,NONE,tag,new,sold,State mismatch: Tag is new but last action was invoice_create,Last Log ID: 5622
2026-02-04T16:20:24.783678,ANOMALY_STATE_MISMATCH,Barcode,42550,NONE,tag,new,sold,State mismatch: Tag is new but last action was invoice_create,Last Log ID: 8372
2026-02-04T16:20:24.809431,ANOMALY_STATE_MISMATCH,Barcode,42547,NONE,tag,new,sold,State mismatch: Tag is new but last action was invoice_create,Last Log ID: 8377
2026-02-04T16:20:24.877971,ANOMALY_STATE_MISMATCH,Barcode,42539,NONE,tag,new,sold,State mismatch: Tag is new but last action was invoice_create,Last Log ID: 11860
2026-02-04T16:20:24.886978,ANOMALY_STATE_MISMATCH,Barcode,42538,NONE,tag,new,sold,State mismatch: Tag is new but last action was invoice_create,Last Log ID: 5893
2026-02-04T16:20:24.895746,ANOMALY_STATE_MISMATCH,Barcode,42537,NONE,tag,new,sold,State mismatch: Tag is new but last action was invoice_create,Last Log ID: 11125
2026-02-04T16:20:24.912993,ANOMALY_STATE_MISMATCH,Barcode,42535,NONE,tag,new,sold,State mismatch: Tag is new but last action was invoice_create,Last Log ID: 12409
2026-02-04T16:20:24.930191,ANOMALY_STATE_MISMATCH,Barcode,42533,NONE,tag,new,sold,State mismatch: Tag is new but last action was invoice_create,Last Log ID: 9647
2026-02-04T16:20:24.956033,ANOMALY_STATE_MISMATCH,Barcode,42530,NONE,tag,new,sold,State mismatch: Tag is new but last action was invoice_create,Last Log ID: 12291
2026-02-04T16:20:24.973735,ANOMALY_STATE_MISMATCH,Barcode,42528,NONE,tag,new,sold,State mismatch: Tag is new but last action was invoice_create,Last Log ID: 9648
2026-02-04T16:20:25.014308,ANOMALY_STATE_MISMATCH,Barcode,42524,NONE,tag,new,sold,State mismatch: Tag is new but last action was invoice_create,Last Log ID: 7258
2026-02-04T16:20:25.035294,ANOMALY_STATE_MISMATCH,Barcode,42522,NONE,tag,new,sold,State mismatch: Tag is new but last action was invoice_create,Last Log ID: 7309
2026-02-04T16:20:25.062160,ANOMALY_STATE_MISMATCH,Barcode,42519,NONE,tag,new,sold,State mismatch: Tag is new but last action was invoice_create,Last Log ID: 6425
2026-02-04T16:20:25.116426,ANOMALY_STATE_MISMATCH,Barcode,42513,NONE,tag,new,sold,State mismatch: Tag is new but last action was invoice_create,Last Log ID: 5562
2026-02-04T16:20:25.152056,ANOMALY_STATE_MISMATCH,Barcode,42509,NONE,tag,new,sold,State mismatch: Tag is new but last action was invoice_create,Last Log ID: 7165
2026-02-04T16:20:25.161087,ANOMALY_STATE_MISMATCH,Barcode,42508,NONE,tag,new,sold,State mismatch: Tag is new but last action was invoice_create,Last Log ID: 5626
2026-02-04T16:20:25.179365,ANOMALY_STATE_MISMATCH,Barcode,42506,NONE,tag,new,sold,State mismatch: Tag is new but last action was invoice_create,Last Log ID: 11213
2026-02-04T16:20:25.197086,ANOMALY_STATE_MISMATCH,Barcode,42504,NONE,tag,new,sold,State mismatch: Tag is new but last action was invoice_create,Last Log ID: 11895
2026-02-04T16:20:25.205892,ANOMALY_STATE_MISMATCH,Barcode,42503,NONE,tag,new,sold,State mismatch: Tag is new but last action was invoice_create,Last Log ID: 11901
2026-02-04T16:20:25.214828,ANOMALY_STATE_MISMATCH,Barcode,42502,NONE,tag,new,sold,State mismatch: Tag is new but last action was invoice_create,Last Log ID: 11902
2026-02-04T16:20:25.249236,ANOMALY_STATE_MISMATCH,Barcode,42498,NONE,tag,new,sold,State mismatch: Tag is new but last action was invoice_create,Last Log ID: 5325
2026-02-04T16:20:25.258115,ANOMALY_STATE_MISMATCH,Barcode,42497,NONE,tag,new,sold,State mismatch: Tag is new but last action was invoice_create,Last Log ID: 12410
2026-02-04T16:20:25.293158,ANOMALY_STATE_MISMATCH,Barcode,42493,NONE,tag,new,sold,State mismatch: Tag is new but last action was invoice_create,Last Log ID: 10877
2026-02-04T16:20:25.319328,ANOMALY_STATE_MISMATCH,Barcode,42490,NONE,tag,new,sold,State mismatch: Tag is new but last action was invoice_create,Last Log ID: 6430
2026-02-04T16:20:25.328224,ANOMALY_STATE_MISMATCH,Barcode,42489,NONE,tag,new,sold,State mismatch: Tag is new but last action was invoice_create,Last Log ID: 9107
2026-02-04T16:20:25.501804,ANOMALY_STATE_MISMATCH,Barcode,42469,NONE,tag,new,sold,State mismatch: Tag is new but last action was invoice_create,Last Log ID: 10880
2026-02-04T16:20:25.510842,ANOMALY_STATE_MISMATCH,Barcode,42468,NONE,tag,new,sold,State mismatch: Tag is new but last action was invoice_create,Last Log ID: 8371
2026-02-04T16:20:25.519678,ANOMALY_STATE_MISMATCH,Barcode,42467,NONE,tag,new,sold,State mismatch: Tag is new but last action was invoice_create,Last Log ID: 8378
2026-02-04T16:20:25.537027,ANOMALY_STATE_MISMATCH,Barcode,42465,NONE,tag,new,sold,State mismatch: Tag is new but last action was invoice_create,Last Log ID: 8376
2026-02-04T16:20:25.545822,ANOMALY_STATE_MISMATCH,Barcode,42464,NONE,tag,new,sold,State mismatch: Tag is new but last action was invoice_create,Last Log ID: 8375
2026-02-04T16:20:25.554655,ANOMALY_STATE_MISMATCH,Barcode,42463,NONE,tag,new,sold,State mismatch: Tag is new but last action was invoice_create,Last Log ID: 5626
2026-02-04T16:20:25.563342,ANOMALY_STATE_MISMATCH,Barcode,42462,NONE,tag,new,sold,State mismatch: Tag is new but last action was invoice_create,Last Log ID: 6012
2026-02-04T16:20:25.572064,ANOMALY_STATE_MISMATCH,Barcode,42461,NONE,tag,new,sold,State mismatch: Tag is new but last action was invoice_create,Last Log ID: 11213
2026-02-04T16:20:25.580821,ANOMALY_STATE_MISMATCH,Barcode,42460,NONE,tag,new,sold,State mismatch: Tag is new but last action was invoice_create,Last Log ID: 5595
2026-02-04T16:20:25.589662,ANOMALY_STATE_MISMATCH,Barcode,42459,NONE,tag,new,sold,State mismatch: Tag is new but last action was invoice_create,Last Log ID: 12409
2026-02-04T16:20:25.598757,ANOMALY_STATE_MISMATCH,Barcode,42458,NONE,tag,new,sold,State mismatch: Tag is new but last action was invoice_create,Last Log ID: 11901
2026-02-04T16:20:25.608279,ANOMALY_STATE_MISMATCH,Barcode,42457,NONE,tag,new,sold,State mismatch: Tag is new but last action was invoice_create,Last Log ID: 11902
2026-02-04T16:20:25.617469,ANOMALY_STATE_MISMATCH,Barcode,42456,NONE,tag,new,sold,State mismatch: Tag is new but last action was invoice_create,Last Log ID: 6395
2026-02-04T16:20:25.627152,ANOMALY_STATE_MISMATCH,Barcode,42455,NONE,tag,new,sold,State mismatch: Tag is new but last action was invoice_create,Last Log ID: 8372
2026-02-04T16:20:25.702877,ANOMALY_STATE_MISMATCH,Barcode,42448,NONE,tag,new,sold,State mismatch: Tag is new but last action was invoice_create,Last Log ID: 10877
2026-02-04T16:20:25.713159,ANOMALY_STATE_MISMATCH,Barcode,42447,NONE,tag,new,sold,State mismatch: Tag is new but last action was invoice_create,Last Log ID: 11681
2026-02-04T16:20:25.722051,ANOMALY_STATE_MISMATCH,Barcode,42446,NONE,tag,new,sold,State mismatch: Tag is new but last action was invoice_create,Last Log ID: 11817
2026-02-04T16:20:25.731006,ANOMALY_STATE_MISMATCH,Barcode,42445,NONE,tag,new,returned,State mismatch: Tag is new but last action was replacement_return,Last Log ID: 11672
2026-02-04T16:20:25.739745,ANOMALY_STATE_MISMATCH,Barcode,42444,NONE,tag,new,sold,State mismatch: Tag is new but last action was invoice_create,Last Log ID: 11860
2026-02-04T16:20:25.748470,ANOMALY_STATE_MISMATCH,Barcode,42443,NONE,tag,new,sold,State mismatch: Tag is new but last action was invoice_create,Last Log ID: 8379
2026-02-04T16:20:25.757375,ANOMALY_STATE_MISMATCH,Barcode,42442,NONE,tag,new,sold,State mismatch: Tag is new but last action was invoice_create,Last Log ID: 11125
2026-02-04T16:20:37.776087,ANOMALY_STATE_MISMATCH,Barcode,41071,NONE,tag,new,sold,State mismatch: Tag is new but last action was invoice_create,Last Log ID: 4830
2026-02-04T16:20:37.784923,ANOMALY_STATE_MISMATCH,Barcode,41070,NONE,tag,new,sold,State mismatch: Tag is new but last action was invoice_create,Last Log ID: 4831
2026-02-04T16:20:37.810685,ANOMALY_STATE_MISMATCH,Barcode,41067,NONE,tag,new,sold,State mismatch: Tag is new but last action was invoice_create,Last Log ID: 5345
2026-02-04T16:20:37.827827,ANOMALY_STATE_MISMATCH,Barcode,41065,NONE,tag,new,sold,State mismatch: Tag is new but last action was invoice_create,Last Log ID: 5344
2026-02-04T16:20:37.836510,ANOMALY_STATE_MISMATCH,Barcode,41064,NONE,tag,new,sold,State mismatch: Tag is new but last action was invoice_create,Last Log ID: 5343
2026-02-04T16:20:37.879184,ANOMALY_STATE_MISMATCH,Barcode,41059,NONE,tag,new,sold,State mismatch: Tag is new but last action was invoice_create,Last Log ID: 5341
2026-02-04T16:20:37.896173,ANOMALY_STATE_MISMATCH,Barcode,41057,NONE,tag,new,sold,State mismatch: Tag is new but last action was invoice_create,Last Log ID: 7566
2026-02-04T16:20:37.904822,ANOMALY_STATE_MISMATCH,Barcode,41056,NONE,tag,new,sold,State mismatch: Tag is new but last action was invoice_create,Last Log ID: 5342
2026-02-04T16:20:37.913431,ANOMALY_STATE_MISMATCH,Barcode,41055,NONE,tag,new,sold,State mismatch: Tag is new but last action was invoice_create,Last Log ID: 8352
2026-02-04T16:20:37.922127,ANOMALY_STATE_MISMATCH,Barcode,41054,NONE,tag,new,sold,State mismatch: Tag is new but last action was invoice_create,Last Log ID: 8353
2026-02-04T16:20:38.074885,ANOMALY_STATE_MISMATCH,Barcode,41037,NONE,tag,new,sold,State mismatch: Tag is new but last action was invoice_create,Last Log ID: 8682
2026-02-04T16:20:38.523867,ANOMALY_STATE_MISMATCH,Barcode,40985,NONE,tag,new,sold,State mismatch: Tag is new but last action was invoice_create,Last Log ID: 6393
2026-02-04T16:20:38.559623,ANOMALY_STATE_MISMATCH,Barcode,40981,NONE,tag,new,sold,State mismatch: Tag is new but last action was invoice_create,Last Log ID: 6018
2026-02-04T16:20:38.568488,ANOMALY_STATE_MISMATCH,Barcode,40980,NONE,tag,new,sold,State mismatch: Tag is new but last action was invoice_create,Last Log ID: 7580
2026-02-04T16:20:40.845247,ANOMALY_STATE_MISMATCH,Barcode,40721,NONE,tag,new,sold,State mismatch: Tag is new but last action was invoice_create,Last Log ID: 6468
2026-02-04T16:20:40.888187,ANOMALY_STATE_MISMATCH,Barcode,40716,NONE,tag,new,sold,State mismatch: Tag is new but last action was invoice_create,Last Log ID: 8596
2026-02-04T16:20:41.043585,ANOMALY_STATE_MISMATCH,Barcode,40698,NONE,tag,new,sold,State mismatch: Tag is new but last action was invoice_create,Last Log ID: 8713
2026-02-04T16:20:41.060941,ANOMALY_STATE_MISMATCH,Barcode,40696,NONE,tag,new,sold,State mismatch: Tag is new but last action was invoice_create,Last Log ID: 7589
2026-02-04T16:20:41.078488,ANOMALY_STATE_MISMATCH,Barcode,40694,NONE,tag,new,sold,State mismatch: Tag is new but last action was invoice_create,Last Log ID: 11642
2026-02-04T16:20:41.121604,ANOMALY_STATE_MISMATCH,Barcode,40689,NONE,tag,new,sold,State mismatch: Tag is new but last action was invoice_create,Last Log ID: 11639
2026-02-04T16:20:41.266609,ANOMALY_STATE_MISMATCH,Barcode,40672,NONE,tag,new,sold,State mismatch: Tag is new but last action was invoice_create,Last Log ID: 4856
2026-02-04T16:20:41.275342,ANOMALY_STATE_MISMATCH,Barcode,40671,NONE,tag,new,sold,State mismatch: Tag is new but last action was invoice_create,Last Log ID: 11385
2026-02-04T16:20:41.292497,ANOMALY_STATE_MISMATCH,Barcode,40669,NONE,tag,new,sold,State mismatch: Tag is new but last action was invoice_create,Last Log ID: 11805
2026-02-04T16:20:41.301185,ANOMALY_STATE_MISMATCH,Barcode,40668,NONE,tag,new,sold,State mismatch: Tag is new but last action was invoice_create,Last Log ID: 5201
2026-02-04T16:20:41.318621,ANOMALY_STATE_MISMATCH,Barcode,40666,NONE,tag,new,sold,State mismatch: Tag is new but last action was invoice_create,Last Log ID: 9463
2026-02-04T16:20:41.327420,ANOMALY_STATE_MISMATCH,Barcode,40665,NONE,tag,new,sold,State mismatch: Tag is new but last action was invoice_create,Last Log ID: 11909
2026-02-04T16:20:41.353180,ANOMALY_STATE_MISMATCH,Barcode,40622,NONE,tag,new,sold,State mismatch: Tag is new but last action was invoice_create,Last Log ID: 7588
2026-02-04T16:20:41.361872,ANOMALY_STATE_MISMATCH,Barcode,40621,NONE,tag,new,sold,State mismatch: Tag is new but last action was invoice_create,Last Log ID: 8711
2026-02-04T16:20:41.370873,ANOMALY_STATE_MISMATCH,Barcode,40620,NONE,tag,new,sold,State mismatch: Tag is new but last action was invoice_create,Last Log ID: 9535
2026-02-04T16:20:41.431157,ANOMALY_STATE_MISMATCH,Barcode,40613,NONE,tag,new,sold,State mismatch: Tag is new but last action was invoice_create,Last Log ID: 11286
2026-02-04T16:20:41.440049,ANOMALY_STATE_MISMATCH,Barcode,40612,NONE,tag,new,sold,State mismatch: Tag is new but last action was invoice_create,Last Log ID: 4828
2026-02-04T16:20:41.448941,ANOMALY_STATE_MISMATCH,Barcode,40611,NONE,tag,new,sold,State mismatch: Tag is new but last action was invoice_create,Last Log ID: 8357
2026-02-04T16:20:41.457662,ANOMALY_STATE_MISMATCH,Barcode,40610,NONE,tag,new,sold,State mismatch: Tag is new but last action was invoice_create,Last Log ID: 8354
2026-02-04T16:20:41.475637,ANOMALY_STATE_MISMATCH,Barcode,40608,NONE,tag,new,sold,State mismatch: Tag is new but last action was invoice_create,Last Log ID: 8356
2026-02-04T16:20:41.484541,ANOMALY_STATE_MISMATCH,Barcode,40607,NONE,tag,new,sold,State mismatch: Tag is new but last action was invoice_create,Last Log ID: 12408
2026-02-04T16:20:41.501873,ANOMALY_STATE_MISMATCH,Barcode,40605,NONE,tag,new,sold,State mismatch: Tag is new but last action was invoice_create,Last Log ID: 8351
2026-02-04T16:20:41.510690,ANOMALY_STATE_MISMATCH,Barcode,40604,NONE,tag,new,sold,State mismatch: Tag is new but last action was invoice_create,Last Log ID: 8355
2026-02-04T16:20:41.519446,ANOMALY_STATE_MISMATCH,Barcode,40603,NONE,tag,new,sold,State mismatch: Tag is new but last action was invoice_create,Last Log ID: 5362
2026-02-04T16:20:41.528327,ANOMALY_STATE_MISMATCH,Barcode,40602,NONE,tag,new,sold,State mismatch: Tag is new but last action was invoice_create,Last Log ID: 5326
2026-02-04T16:20:41.589374,ANOMALY_STATE_MISMATCH,Barcode,40595,NONE,tag,new,sold,State mismatch: Tag is new but last action was invoice_create,Last Log ID: 8682
2026-02-04T16:20:41.599052,ANOMALY_STATE_MISMATCH,Barcode,40594,NONE,tag,new,sold,State mismatch: Tag is new but last action was invoice_create,Last Log ID: 7563
2026-02-04T16:20:41.618110,ANOMALY_STATE_MISMATCH,Barcode,40592,NONE,tag,new,sold,State mismatch: Tag is new but last action was invoice_create,Last Log ID: 6393
2026-02-04T16:20:41.628029,ANOMALY_STATE_MISMATCH,Barcode,40591,NONE,tag,new,sold,State mismatch: Tag is new but last action was invoice_create,Last Log ID: 8713
2026-02-04T16:20:41.638800,ANOMALY_STATE_MISMATCH,Barcode,40590,NONE,tag,new,sold,State mismatch: Tag is new but last action was invoice_create,Last Log ID: 8712
2026-02-04T16:20:41.647565,ANOMALY_STATE_MISMATCH,Barcode,40589,NONE,tag,new,sold,State mismatch: Tag is new but last action was invoice_create,Last Log ID: 7589
2026-02-04T16:20:41.656394,ANOMALY_STATE_MISMATCH,Barcode,40588,NONE,tag,new,sold,State mismatch: Tag is new but last action was invoice_create,Last Log ID: 6018
2026-02-04T16:20:41.665284,ANOMALY_STATE_MISMATCH,Barcode,40587,NONE,tag,new,sold,State mismatch: Tag is new but last action was invoice_create,Last Log ID: 11642
2026-02-04T16:20:41.692890,ANOMALY_STATE_MISMATCH,Barcode,40584,NONE,tag,new,sold,State mismatch: Tag is new but last action was invoice_create,Last Log ID: 12418
2026-02-04T16:20:41.719277,ANOMALY_STATE_MISMATCH,Barcode,40581,NONE,tag,new,sold,State mismatch: Tag is new but last action was invoice_create,Last Log ID: 4609
2026-02-04T16:20:41.729402,ANOMALY_STATE_MISMATCH,Barcode,40580,NONE,tag,new,sold,State mismatch: Tag is new but last action was invoice_create,Last Log ID: 12235
2026-02-04T16:20:41.738246,ANOMALY_STATE_MISMATCH,Barcode,40579,NONE,tag,new,sold,State mismatch: Tag is new but last action was invoice_create,Last Log ID: 11701
2026-02-04T16:20:41.748148,ANOMALY_STATE_MISMATCH,Barcode,40578,NONE,tag,new,sold,State mismatch: Tag is new but last action was invoice_create,Last Log ID: 7867
2026-02-04T16:20:41.757153,ANOMALY_STATE_MISMATCH,Barcode,40577,NONE,tag,new,sold,State mismatch: Tag is new but last action was invoice_create,Last Log ID: 6434
2026-02-04T16:20:41.802902,ANOMALY_STATE_MISMATCH,Barcode,40572,NONE,tag,new,sold,State mismatch: Tag is new but last action was invoice_create,Last Log ID: 11256
2026-02-04T16:20:41.822985,ANOMALY_STATE_MISMATCH,Barcode,40570,NONE,tag,new,sold,State mismatch: Tag is new but last action was invoice_create,Last Log ID: 11699
2026-02-04T16:20:41.831879,ANOMALY_STATE_MISMATCH,Barcode,40569,NONE,tag,new,sold,State mismatch: Tag is new but last action was invoice_create,Last Log ID: 11639
2026-02-04T16:20:41.840701,ANOMALY_STATE_MISMATCH,Barcode,40568,NONE,tag,new,sold,State mismatch: Tag is new but last action was invoice_create,Last Log ID: 4609
2026-02-04T16:20:41.849505,ANOMALY_STATE_MISMATCH,Barcode,40567,NONE,tag,new,sold,State mismatch: Tag is new but last action was invoice_create,Last Log ID: 12235
2026-02-04T16:20:41.858266,ANOMALY_STATE_MISMATCH,Barcode,40566,NONE,tag,new,sold,State mismatch: Tag is new but last action was invoice_create,Last Log ID: 11701
2026-02-04T16:20:41.867439,ANOMALY_STATE_MISMATCH,Barcode,40565,NONE,tag,new,sold,State mismatch: Tag is new but last action was invoice_create,Last Log ID: 8507
2026-02-04T16:20:41.876374,ANOMALY_STATE_MISMATCH,Barcode,40564,NONE,tag,new,sold,State mismatch: Tag is new but last action was invoice_create,Last Log ID: 9499
2026-02-04T16:20:41.893519,ANOMALY_STATE_MISMATCH,Barcode,40562,NONE,tag,new,sold,State mismatch: Tag is new but last action was invoice_create,Last Log ID: 11286
2026-02-04T16:20:41.902084,ANOMALY_STATE_MISMATCH,Barcode,40561,NONE,tag,new,sold,State mismatch: Tag is new but last action was invoice_create,Last Log ID: 11909
2026-02-04T16:20:50.804781,ANOMALY_STATE_MISMATCH,Barcode,39580,NONE,tag,new,sold,State mismatch: Tag is new but last action was invoice_create,Last Log ID: 12056
2026-02-04T16:20:50.813711,ANOMALY_STATE_MISMATCH,Barcode,39579,NONE,tag,new,sold,State mismatch: Tag is new but last action was invoice_create,Last Log ID: 12053
2026-02-04T16:20:50.831445,ANOMALY_STATE_MISMATCH,Barcode,39577,NONE,tag,new,sold,State mismatch: Tag is new but last action was invoice_create,Last Log ID: 12055
2026-02-04T16:20:50.849148,ANOMALY_STATE_MISMATCH,Barcode,39575,NONE,tag,new,sold,State mismatch: Tag is new but last action was invoice_create,Last Log ID: 8516
2026-02-04T16:20:50.858056,ANOMALY_STATE_MISMATCH,Barcode,39574,NONE,tag,new,sold,State mismatch: Tag is new but last action was invoice_create,Last Log ID: 11285
2026-02-04T16:20:53.327679,ANOMALY_STATE_MISMATCH,Barcode,39304,NONE,tag,new,sold,State mismatch: Tag is new but last action was invoice_create,Last Log ID: 8178
2026-02-04T16:20:53.337623,ANOMALY_STATE_MISMATCH,Barcode,39303,NONE,tag,new,sold,State mismatch: Tag is new but last action was invoice_create,Last Log ID: 8176
2026-02-04T16:20:53.347987,ANOMALY_STATE_MISMATCH,Barcode,39302,NONE,tag,new,sold,State mismatch: Tag is new but last action was invoice_create,Last Log ID: 8175
2026-02-04T16:20:53.358172,ANOMALY_STATE_MISMATCH,Barcode,39301,NONE,tag,new,sold,State mismatch: Tag is new but last action was invoice_create,Last Log ID: 8181
2026-02-04T16:20:53.368621,ANOMALY_STATE_MISMATCH,Barcode,39300,NONE,tag,new,sold,State mismatch: Tag is new but last action was invoice_create,Last Log ID: 8179
2026-02-04T16:20:53.379183,ANOMALY_STATE_MISMATCH,Barcode,39299,NONE,tag,new,sold,State mismatch: Tag is new but last action was invoice_create,Last Log ID: 8180
2026-02-04T16:20:53.389696,ANOMALY_STATE_MISMATCH,Barcode,39298,NONE,tag,new,sold,State mismatch: Tag is new but last action was invoice_create,Last Log ID: 8177
2026-02-04T16:20:53.399972,ANOMALY_STATE_MISMATCH,Barcode,39297,NONE,tag,new,sold,State mismatch: Tag is new but last action was invoice_create,Last Log ID: 8174
2026-02-04T16:20:53.410008,ANOMALY_STATE_MISMATCH,Barcode,39296,NONE,tag,new,sold,State mismatch: Tag is new but last action was invoice_create,Last Log ID: 8173
2026-02-04T16:20:53.419383,ANOMALY_STATE_MISMATCH,Barcode,39295,NONE,tag,new,sold,State mismatch: Tag is new but last action was invoice_create,Last Log ID: 8172
2026-02-04T16:20:53.428498,ANOMALY_STATE_MISMATCH,Barcode,39294,NONE,tag,new,sold,State mismatch: Tag is new but last action was invoice_create,Last Log ID: 4410
2026-02-04T16:20:53.437304,ANOMALY_STATE_MISMATCH,Barcode,39293,NONE,tag,new,sold,State mismatch: Tag is new but last action was invoice_create,Last Log ID: 4414
2026-02-04T16:20:53.446554,ANOMALY_STATE_MISMATCH,Barcode,39292,NONE,tag,new,sold,State mismatch: Tag is new but last action was invoice_create,Last Log ID: 4409
2026-02-04T16:20:53.455595,ANOMALY_STATE_MISMATCH,Barcode,39291,NONE,tag,new,sold,State mismatch: Tag is new but last action was invoice_create,Last Log ID: 4411
2026-02-04T16:20:53.464747,ANOMALY_STATE_MISMATCH,Barcode,39290,NONE,tag,new,sold,State mismatch: Tag is new but last action was invoice_create,Last Log ID: 4408
2026-02-04T16:20:53.473889,ANOMALY_STATE_MISMATCH,Barcode,39289,NONE,tag,new,sold,State mismatch: Tag is new but last action was invoice_create,Last Log ID: 4407
2026-02-04T16:20:53.482993,ANOMALY_STATE_MISMATCH,Barcode,39288,NONE,tag,new,sold,State mismatch: Tag is new but last action was invoice_create,Last Log ID: 8923
2026-02-04T16:20:53.491995,ANOMALY_STATE_MISMATCH,Barcode,39287,NONE,tag,new,sold,State mismatch: Tag is new but last action was invoice_create,Last Log ID: 8918
2026-02-04T16:20:53.501057,ANOMALY_STATE_MISMATCH,Barcode,39286,NONE,tag,new,sold,State mismatch: Tag is new but last action was invoice_create,Last Log ID: 8913
2026-02-04T16:20:54.329656,ANOMALY_STATE_MISMATCH,Barcode,39195,NONE,tag,new,sold,State mismatch: Tag is new but last action was invoice_create,Last Log ID: 11365
2026-02-04T16:20:54.338653,ANOMALY_STATE_MISMATCH,Barcode,39194,NONE,tag,new,sold,State mismatch: Tag is new but last action was invoice_create,Last Log ID: 6493
2026-02-04T16:20:54.347484,ANOMALY_STATE_MISMATCH,Barcode,39193,NONE,tag,new,sold,State mismatch: Tag is new but last action was invoice_create,Last Log ID: 7733
2026-02-04T16:20:54.356331,ANOMALY_STATE_MISMATCH,Barcode,39192,NONE,tag,new,sold,State mismatch: Tag is new but last action was invoice_create,Last Log ID: 12271
2026-02-04T16:20:54.365210,ANOMALY_STATE_MISMATCH,Barcode,39191,NONE,tag,new,sold,State mismatch: Tag is new but last action was invoice_create,Last Log ID: 11366
2026-02-04T16:20:54.391666,ANOMALY_STATE_MISMATCH,Barcode,39188,NONE,tag,new,sold,State mismatch: Tag is new but last action was invoice_create,Last Log ID: 7233
2026-02-04T16:20:54.400486,ANOMALY_STATE_MISMATCH,Barcode,39187,NONE,tag,new,sold,State mismatch: Tag is new but last action was invoice_create,Last Log ID: 6492
2026-02-04T16:20:54.409314,ANOMALY_STATE_MISMATCH,Barcode,39186,NONE,tag,new,sold,State mismatch: Tag is new but last action was invoice_create,Last Log ID: 7232
2026-02-04T16:20:54.523483,ANOMALY_STATE_MISMATCH,Barcode,39173,NONE,tag,new,sold,State mismatch: Tag is new but last action was invoice_create,Last Log ID: 11252
2026-02-04T16:20:54.532507,ANOMALY_STATE_MISMATCH,Barcode,39172,NONE,tag,new,sold,State mismatch: Tag is new but last action was invoice_create,Last Log ID: 12270
2026-02-04T16:20:54.541750,ANOMALY_STATE_MISMATCH,Barcode,39171,NONE,tag,new,sold,State mismatch: Tag is new but last action was invoice_create,Last Log ID: 11135
2026-02-04T16:20:54.551066,ANOMALY_STATE_MISMATCH,Barcode,39170,NONE,tag,new,sold,State mismatch: Tag is new but last action was invoice_create,Last Log ID: 12192
2026-02-04T16:20:54.560247,ANOMALY_STATE_MISMATCH,Barcode,39169,NONE,tag,new,sold,State mismatch: Tag is new but last action was invoice_create,Last Log ID: 12561
2026-02-04T16:20:54.569504,ANOMALY_STATE_MISMATCH,Barcode,39168,NONE,tag,new,sold,State mismatch: Tag is new but last action was invoice_create,Last Log ID: 11729
2026-02-04T16:20:54.587578,ANOMALY_STATE_MISMATCH,Barcode,39166,NONE,tag,new,sold,State mismatch: Tag is new but last action was invoice_create,Last Log ID: 11294
2026-02-04T16:20:54.957022,ANOMALY_STATE_MISMATCH,Barcode,39124,NONE,tag,new,sold,State mismatch: Tag is new but last action was invoice_create,Last Log ID: 7125
2026-02-04T16:20:54.983539,ANOMALY_STATE_MISMATCH,Barcode,39121,NONE,tag,new,sold,State mismatch: Tag is new but last action was invoice_create,Last Log ID: 11366
2026-02-04T16:20:54.992306,ANOMALY_STATE_MISMATCH,Barcode,39120,NONE,tag,new,sold,State mismatch: Tag is new but last action was invoice_create,Last Log ID: 12486
2026-02-04T16:20:55.001261,ANOMALY_STATE_MISMATCH,Barcode,39119,NONE,tag,new,sold,State mismatch: Tag is new but last action was invoice_create,Last Log ID: 11371
2026-02-04T16:20:55.011986,ANOMALY_STATE_MISMATCH,Barcode,39118,NONE,tag,new,sold,State mismatch: Tag is new but last action was invoice_create,Last Log ID: 7233
2026-02-04T16:20:55.021532,ANOMALY_STATE_MISMATCH,Barcode,39117,NONE,tag,new,sold,State mismatch: Tag is new but last action was invoice_create,Last Log ID: 6492
2026-02-04T16:20:55.041749,ANOMALY_STATE_MISMATCH,Barcode,39116,NONE,tag,new,sold,State mismatch: Tag is new but last action was invoice_create,Last Log ID: 7232
2026-02-04T16:20:55.177844,ANOMALY_STATE_MISMATCH,Barcode,39105,NONE,tag,new,sold,State mismatch: Tag is new but last action was invoice_create,Last Log ID: 6423
2026-02-04T16:20:55.187917,ANOMALY_STATE_MISMATCH,Barcode,39104,NONE,tag,new,sold,State mismatch: Tag is new but last action was invoice_create,Last Log ID: 6422
2026-02-04T16:20:55.197313,ANOMALY_STATE_MISMATCH,Barcode,39103,NONE,tag,new,sold,State mismatch: Tag is new but last action was invoice_create,Last Log ID: 6421
2026-02-04T16:20:55.206618,ANOMALY_STATE_MISMATCH,Barcode,39102,NONE,tag,new,sold,State mismatch: Tag is new but last action was invoice_create,Last Log ID: 6420
2026-02-04T16:20:55.216022,ANOMALY_STATE_MISMATCH,Barcode,39101,NONE,tag,new,sold,State mismatch: Tag is new but last action was invoice_create,Last Log ID: 6418
2026-02-04T16:20:55.225120,ANOMALY_STATE_MISMATCH,Barcode,39100,NONE,tag,new,sold,State mismatch: Tag is new but last action was invoice_create,Last Log ID: 11207
2026-02-04T16:20:55.234116,ANOMALY_STATE_MISMATCH,Barcode,39099,NONE,tag,new,sold,State mismatch: Tag is new but last action was invoice_create,Last Log ID: 6414
2026-02-04T16:20:55.243187,ANOMALY_STATE_MISMATCH,Barcode,39098,NONE,tag,new,sold,State mismatch: Tag is new but last action was invoice_create,Last Log ID: 6415
2026-02-04T16:20:55.252267,ANOMALY_STATE_MISMATCH,Barcode,39097,NONE,tag,new,sold,State mismatch: Tag is new but last action was invoice_create,Last Log ID: 6417
2026-02-04T16:20:55.261332,ANOMALY_STATE_MISMATCH,Barcode,39096,NONE,tag,new,sold,State mismatch: Tag is new but last action was invoice_create,Last Log ID: 8626
2026-02-04T16:20:55.288097,ANOMALY_STATE_MISMATCH,Barcode,39093,NONE,tag,new,sold,State mismatch: Tag is new but last action was invoice_create,Last Log ID: 11209
2026-02-04T16:20:55.297153,ANOMALY_STATE_MISMATCH,Barcode,39092,NONE,tag,new,sold,State mismatch: Tag is new but last action was invoice_create,Last Log ID: 11656
2026-02-04T16:20:55.306167,ANOMALY_STATE_MISMATCH,Barcode,39091,NONE,tag,new,sold,State mismatch: Tag is new but last action was invoice_create,Last Log ID: 7157
2026-02-04T16:20:55.315183,ANOMALY_STATE_MISMATCH,Barcode,39090,NONE,tag,new,sold,State mismatch: Tag is new but last action was invoice_create,Last Log ID: 7346
2026-02-04T16:20:55.333075,ANOMALY_STATE_MISMATCH,Barcode,39088,NONE,tag,new,sold,State mismatch: Tag is new but last action was invoice_create,Last Log ID: 7735
2026-02-04T16:20:55.341979,ANOMALY_STATE_MISMATCH,Barcode,39087,NONE,tag,new,sold,State mismatch: Tag is new but last action was invoice_create,Last Log ID: 7153
2026-02-04T16:20:55.351214,ANOMALY_STATE_MISMATCH,Barcode,39086,NONE,tag,new,sold,State mismatch: Tag is new but last action was invoice_create,Last Log ID: 8707
2026-02-04T16:20:55.360106,ANOMALY_STATE_MISMATCH,Barcode,39085,NONE,tag,new,sold,State mismatch: Tag is new but last action was invoice_create,Last Log ID: 4754
2026-02-04T16:20:55.369196,ANOMALY_STATE_MISMATCH,Barcode,39084,NONE,tag,new,sold,State mismatch: Tag is new but last action was invoice_create,Last Log ID: 4756
2026-02-04T16:20:55.378064,ANOMALY_STATE_MISMATCH,Barcode,39083,NONE,tag,new,sold,State mismatch: Tag is new but last action was invoice_create,Last Log ID: 4755
2026-02-04T16:20:55.387180,ANOMALY_STATE_MISMATCH,Barcode,39082,NONE,tag,new,sold,State mismatch: Tag is new but last action was invoice_create,Last Log ID: 4343
2026-02-04T16:20:55.404928,ANOMALY_STATE_MISMATCH,Barcode,39080,NONE,tag,new,sold,State mismatch: Tag is new but last action was invoice_create,Last Log ID: 12193
2026-02-04T16:20:55.413722,ANOMALY_STATE_MISMATCH,Barcode,39079,NONE,tag,new,sold,State mismatch: Tag is new but last action was invoice_create,Last Log ID: 7180
2026-02-04T16:20:55.422859,ANOMALY_STATE_MISMATCH,Barcode,39078,NONE,tag,new,sold,State mismatch: Tag is new but last action was invoice_create,Last Log ID: 5003
2026-02-04T16:20:55.431775,ANOMALY_STATE_MISMATCH,Barcode,39077,NONE,tag,new,sold,State mismatch: Tag is new but last action was invoice_create,Last Log ID: 5022
2026-02-04T16:20:55.449308,ANOMALY_STATE_MISMATCH,Barcode,39075,NONE,tag,new,sold,State mismatch: Tag is new but last action was invoice_create,Last Log ID: 11401
2026-02-04T16:20:55.458170,ANOMALY_STATE_MISMATCH,Barcode,39074,NONE,tag,new,sold,State mismatch: Tag is new but last action was invoice_create,Last Log ID: 12194
2026-02-04T16:20:55.467136,ANOMALY_STATE_MISMATCH,Barcode,39073,NONE,tag,new,sold,State mismatch: Tag is new but last action was invoice_create,Last Log ID: 12070
2026-02-04T16:20:55.476012,ANOMALY_STATE_MISMATCH,Barcode,39072,NONE,tag,new,sold,State mismatch: Tag is new but last action was invoice_create,Last Log ID: 11656
2026-02-04T16:20:55.484805,ANOMALY_STATE_MISMATCH,Barcode,39071,NONE,tag,new,sold,State mismatch: Tag is new but last action was invoice_create,Last Log ID: 12389
2026-02-04T16:20:55.493643,ANOMALY_STATE_MISMATCH,Barcode,39070,NONE,tag,new,sold,State mismatch: Tag is new but last action was invoice_create,Last Log ID: 10088
2026-02-04T16:20:55.502715,ANOMALY_STATE_MISMATCH,Barcode,39069,NONE,tag,new,sold,State mismatch: Tag is new but last action was invoice_create,Last Log ID: 12258
2026-02-04T16:20:55.511778,ANOMALY_STATE_MISMATCH,Barcode,39068,NONE,tag,new,sold,State mismatch: Tag is new but last action was invoice_create,Last Log ID: 7735
2026-02-04T16:20:55.520854,ANOMALY_STATE_MISMATCH,Barcode,39067,NONE,tag,new,sold,State mismatch: Tag is new but last action was invoice_create,Last Log ID: 12567
2026-02-04T16:20:55.529813,ANOMALY_STATE_MISMATCH,Barcode,39066,NONE,tag,new,sold,State mismatch: Tag is new but last action was invoice_create,Last Log ID: 12069
2026-02-04T16:20:55.547707,ANOMALY_STATE_MISMATCH,Barcode,39064,NONE,tag,new,sold,State mismatch: Tag is new but last action was invoice_create,Last Log ID: 6593
2026-02-04T16:20:55.592261,ANOMALY_STATE_MISMATCH,Barcode,39059,NONE,tag,new,sold,State mismatch: Tag is new but last action was invoice_create,Last Log ID: 12561
2026-02-04T16:20:55.603133,ANOMALY_STATE_MISMATCH,Barcode,39058,NONE,tag,new,sold,State mismatch: Tag is new but last action was invoice_create,Last Log ID: 11729
2026-02-04T16:20:55.612979,ANOMALY_STATE_MISMATCH,Barcode,39057,NONE,tag,new,sold,State mismatch: Tag is new but last action was invoice_create,Last Log ID: 11370
2026-02-04T16:20:55.622277,ANOMALY_STATE_MISMATCH,Barcode,39056,NONE,tag,new,sold,State mismatch: Tag is new but last action was invoice_create,Last Log ID: 11294
2026-02-04T16:20:56.010814,ANOMALY_STATE_MISMATCH,Barcode,39016,NONE,tag,new,sold,State mismatch: Tag is new but last action was invoice_create,Last Log ID: 8204
2026-02-04T16:20:56.319646,ANOMALY_STATE_MISMATCH,Barcode,38983,NONE,tag,sold,returned,State mismatch: Tag is sold but last action was replacement_return,Last Log ID: 11762
2026-02-04T16:20:56.485089,ANOMALY_STATE_MISMATCH,Barcode,38964,NONE,tag,defective,sold,State mismatch: Tag is defective but last action was invoice_create,Last Log ID: 11714
2026-02-04T16:21:00.867552,ANOMALY_STATE_MISMATCH,Barcode,38474,NONE,tag,new,sold,State mismatch: Tag is new but last action was invoice_create,Last Log ID: 12096
2026-02-04T16:21:01.036749,ANOMALY_STATE_MISMATCH,Barcode,38454,NONE,tag,new,sold,State mismatch: Tag is new but last action was invoice_create,Last Log ID: 11912
2026-02-04T16:21:01.110632,ANOMALY_STATE_MISMATCH,Barcode,38446,NONE,tag,new,sold,State mismatch: Tag is new but last action was invoice_create,Last Log ID: 11914
2026-02-04T16:21:01.119795,ANOMALY_STATE_MISMATCH,Barcode,38445,NONE,tag,new,sold,State mismatch: Tag is new but last action was invoice_create,Last Log ID: 11913
2026-02-04T16:21:01.208714,ANOMALY_STATE_MISMATCH,Barcode,38435,NONE,tag,new,sold,State mismatch: Tag is new but last action was invoice_create,Last Log ID: 11081
2026-02-04T16:21:01.479505,ANOMALY_STATE_MISMATCH,Barcode,38407,NONE,tag,new,sold,State mismatch: Tag is new but last action was invoice_create,Last Log ID: 11288
2026-02-04T16:21:01.505692,ANOMALY_STATE_MISMATCH,Barcode,38404,NONE,tag,new,sold,State mismatch: Tag is new but last action was invoice_create,Last Log ID: 11106
2026-02-04T16:21:01.514680,ANOMALY_STATE_MISMATCH,Barcode,38403,NONE,tag,new,sold,State mismatch: Tag is new but last action was invoice_create,Last Log ID: 11287
2026-02-04T16:21:01.538992,ANOMALY_STATE_MISMATCH,Barcode,38402,NONE,tag,new,sold,State mismatch: Tag is new but last action was invoice_create,Last Log ID: 11083
2026-02-04T16:21:01.548296,ANOMALY_STATE_MISMATCH,Barcode,38401,NONE,tag,new,sold,State mismatch: Tag is new but last action was invoice_create,Last Log ID: 10586
2026-02-04T16:21:01.561476,ANOMALY_STATE_MISMATCH,Barcode,38400,NONE,tag,new,sold,State mismatch: Tag is new but last action was invoice_create,Last Log ID: 10585
2026-02-04T16:21:01.580902,ANOMALY_STATE_MISMATCH,Barcode,38399,NONE,tag,new,sold,State mismatch: Tag is new but last action was invoice_create,Last Log ID: 9633
2026-02-04T16:21:01.617040,ANOMALY_STATE_MISMATCH,Barcode,38397,NONE,tag,new,returned,State mismatch: Tag is new but last action was replacement_return,Last Log ID: 12205
2026-02-04T16:21:01.676257,ANOMALY_STATE_MISMATCH,Barcode,38396,NONE,tag,new,sold,State mismatch: Tag is new but last action was invoice_create,Last Log ID: 6782
2026-02-04T16:21:05.409835,ANOMALY_STATE_MISMATCH,Barcode,37637,NONE,tag,new,sold,State mismatch: Tag is new but last action was invoice_create,Last Log ID: 8361
2026-02-04T16:21:05.418773,ANOMALY_STATE_MISMATCH,Barcode,37636,NONE,tag,new,sold,State mismatch: Tag is new but last action was invoice_create,Last Log ID: 8366
2026-02-04T16:21:05.429461,ANOMALY_STATE_MISMATCH,Barcode,37635,NONE,tag,new,sold,State mismatch: Tag is new but last action was invoice_create,Last Log ID: 8388
2026-02-04T16:21:05.438486,ANOMALY_STATE_MISMATCH,Barcode,37634,NONE,tag,new,sold,State mismatch: Tag is new but last action was invoice_create,Last Log ID: 3207
2026-02-04T16:21:05.447276,ANOMALY_STATE_MISMATCH,Barcode,37633,NONE,tag,new,sold,State mismatch: Tag is new but last action was invoice_create,Last Log ID: 3206
2026-02-04T16:21:09.110492,ANOMALY_STATE_MISMATCH,Barcode,37059,NONE,tag,new,sold,State mismatch: Tag is new but last action was invoice_create,Last Log ID: 8387
2026-02-04T16:21:09.119491,ANOMALY_STATE_MISMATCH,Barcode,37058,NONE,tag,new,sold,State mismatch: Tag is new but last action was invoice_create,Last Log ID: 11907
2026-02-04T16:21:09.128309,ANOMALY_STATE_MISMATCH,Barcode,37057,NONE,tag,new,sold,State mismatch: Tag is new but last action was invoice_create,Last Log ID: 5590
2026-02-04T16:21:09.137226,ANOMALY_STATE_MISMATCH,Barcode,37056,NONE,tag,new,sold,State mismatch: Tag is new but last action was invoice_create,Last Log ID: 8365
2026-02-04T16:21:09.146097,ANOMALY_STATE_MISMATCH,Barcode,37055,NONE,tag,new,sold,State mismatch: Tag is new but last action was invoice_create,Last Log ID: 12195
2026-02-04T16:21:09.155008,ANOMALY_STATE_MISMATCH,Barcode,37054,NONE,tag,new,sold,State mismatch: Tag is new but last action was invoice_create,Last Log ID: 8381
2026-02-04T16:21:09.268779,ANOMALY_STATE_MISMATCH,Barcode,37041,NONE,tag,new,sold,State mismatch: Tag is new but last action was invoice_create,Last Log ID: 3736
2026-02-04T16:21:09.286963,ANOMALY_STATE_MISMATCH,Barcode,37039,NONE,tag,new,sold,State mismatch: Tag is new but last action was invoice_create,Last Log ID: 3737
2026-02-04T16:21:11.514516,ANOMALY_STATE_MISMATCH,Barcode,36774,NONE,tag,new,sold,State mismatch: Tag is new but last action was invoice_create,Last Log ID: 8386
2026-02-04T16:21:11.686251,ANOMALY_STATE_MISMATCH,Barcode,36754,NONE,tag,new,sold,State mismatch: Tag is new but last action was invoice_create,Last Log ID: 8362
2026-02-04T16:21:11.695268,ANOMALY_STATE_MISMATCH,Barcode,36753,NONE,tag,new,sold,State mismatch: Tag is new but last action was invoice_create,Last Log ID: 11908
2026-02-04T16:21:11.703934,ANOMALY_STATE_MISMATCH,Barcode,36752,NONE,tag,new,sold,State mismatch: Tag is new but last action was invoice_create,Last Log ID: 12197
2026-02-04T16:21:11.712677,ANOMALY_STATE_MISMATCH,Barcode,36751,NONE,tag,new,sold,State mismatch: Tag is new but last action was invoice_create,Last Log ID: 8385
2026-02-04T16:21:11.721490,ANOMALY_STATE_MISMATCH,Barcode,36750,NONE,tag,new,returned,State mismatch: Tag is new but last action was replacement_return,Last Log ID: 11893
2026-02-04T16:21:11.730232,ANOMALY_STATE_MISMATCH,Barcode,36749,NONE,tag,new,sold,State mismatch: Tag is new but last action was invoice_create,Last Log ID: 5592
2026-02-04T16:21:11.739160,ANOMALY_STATE_MISMATCH,Barcode,36748,NONE,tag,new,sold,State mismatch: Tag is new but last action was invoice_create,Last Log ID: 6725
2026-02-04T16:21:11.747987,ANOMALY_STATE_MISMATCH,Barcode,36747,NONE,tag,new,sold,State mismatch: Tag is new but last action was invoice_create,Last Log ID: 8363
2026-02-04T16:21:11.765428,ANOMALY_STATE_MISMATCH,Barcode,36745,NONE,tag,new,sold,State mismatch: Tag is new but last action was invoice_create,Last Log ID: 11279
2026-02-04T16:21:11.774211,ANOMALY_STATE_MISMATCH,Barcode,36744,NONE,tag,new,returned,State mismatch: Tag is new but last action was replacement_return,Last Log ID: 12524
2026-02-04T16:21:11.783085,ANOMALY_STATE_MISMATCH,Barcode,36743,NONE,tag,new,sold,State mismatch: Tag is new but last action was invoice_create,Last Log ID: 8604
2026-02-04T16:21:11.800425,ANOMALY_STATE_MISMATCH,Barcode,36741,NONE,tag,new,sold,State mismatch: Tag is new but last action was invoice_create,Last Log ID: 4594
2026-02-04T16:21:11.809211,ANOMALY_STATE_MISMATCH,Barcode,36740,NONE,tag,new,sold,State mismatch: Tag is new but last action was invoice_create,Last Log ID: 8386
2026-02-04T16:21:11.818012,ANOMALY_STATE_MISMATCH,Barcode,36739,NONE,tag,new,sold,State mismatch: Tag is new but last action was invoice_create,Last Log ID: 3652
2026-02-04T16:21:11.853166,ANOMALY_STATE_MISMATCH,Barcode,36735,NONE,tag,new,sold,State mismatch: Tag is new but last action was invoice_create,Last Log ID: 8350
2026-02-04T16:21:11.862005,ANOMALY_STATE_MISMATCH,Barcode,36734,NONE,tag,new,sold,State mismatch: Tag is new but last action was invoice_create,Last Log ID: 8349
2026-02-04T16:21:11.870929,ANOMALY_STATE_MISMATCH,Barcode,36733,NONE,tag,new,sold,State mismatch: Tag is new but last action was invoice_create,Last Log ID: 3653
2026-02-04T16:21:11.879819,ANOMALY_STATE_MISMATCH,Barcode,36732,NONE,tag,new,sold,State mismatch: Tag is new but last action was invoice_create,Last Log ID: 8347
2026-02-04T16:21:12.019673,ANOMALY_STATE_MISMATCH,Barcode,36716,NONE,tag,new,sold,State mismatch: Tag is new but last action was invoice_create,Last Log ID: 3720
2026-02-04T16:21:12.042592,ANOMALY_STATE_MISMATCH,Barcode,36714,NONE,tag,new,sold,State mismatch: Tag is new but last action was invoice_create,Last Log ID: 4306
2026-02-04T16:21:12.062129,ANOMALY_STATE_MISMATCH,Barcode,36712,NONE,tag,new,sold,State mismatch: Tag is new but last action was invoice_create,Last Log ID: 8348
2026-02-04T16:21:12.073413,ANOMALY_STATE_MISMATCH,Barcode,36711,NONE,tag,new,sold,State mismatch: Tag is new but last action was invoice_create,Last Log ID: 3227
2026-02-04T16:21:12.349040,ANOMALY_STATE_MISMATCH,Barcode,36680,NONE,tag,new,sold,State mismatch: Tag is new but last action was invoice_create,Last Log ID: 8341
2026-02-04T16:21:12.366317,ANOMALY_STATE_MISMATCH,Barcode,36678,NONE,tag,new,sold,State mismatch: Tag is new but last action was invoice_create,Last Log ID: 8382
2026-02-04T16:21:12.375220,ANOMALY_STATE_MISMATCH,Barcode,36677,NONE,tag,new,sold,State mismatch: Tag is new but last action was invoice_create,Last Log ID: 3278
2026-02-04T16:21:12.383896,ANOMALY_STATE_MISMATCH,Barcode,36676,NONE,tag,new,sold,State mismatch: Tag is new but last action was invoice_create,Last Log ID: 11212
2026-02-04T16:21:12.392757,ANOMALY_STATE_MISMATCH,Barcode,36675,NONE,tag,new,sold,State mismatch: Tag is new but last action was invoice_create,Last Log ID: 12196
2026-02-04T16:21:12.410095,ANOMALY_STATE_MISMATCH,Barcode,36673,NONE,tag,new,sold,State mismatch: Tag is new but last action was invoice_create,Last Log ID: 11211
2026-02-04T16:21:12.463046,ANOMALY_STATE_MISMATCH,Barcode,36667,NONE,tag,new,sold,State mismatch: Tag is new but last action was invoice_create,Last Log ID: 8350
2026-02-04T16:21:12.472320,ANOMALY_STATE_MISMATCH,Barcode,36666,NONE,tag,new,sold,State mismatch: Tag is new but last action was invoice_create,Last Log ID: 12582
2026-02-04T16:21:12.481342,ANOMALY_STATE_MISMATCH,Barcode,36665,NONE,tag,new,sold,State mismatch: Tag is new but last action was invoice_create,Last Log ID: 4306
2026-02-04T16:21:12.490236,ANOMALY_STATE_MISMATCH,Barcode,36664,NONE,tag,new,sold,State mismatch: Tag is new but last action was invoice_create,Last Log ID: 8347
2026-02-04T16:21:12.499559,ANOMALY_STATE_MISMATCH,Barcode,36663,NONE,tag,new,sold,State mismatch: Tag is new but last action was invoice_create,Last Log ID: 6010
2026-02-04T16:21:12.561285,ANOMALY_STATE_MISMATCH,Barcode,36656,NONE,tag,new,sold,State mismatch: Tag is new but last action was invoice_create,Last Log ID: 4586
2026-02-04T16:21:12.570107,ANOMALY_STATE_MISMATCH,Barcode,36655,NONE,tag,new,sold,State mismatch: Tag is new but last action was invoice_create,Last Log ID: 7576
2026-02-04T16:21:12.579228,ANOMALY_STATE_MISMATCH,Barcode,36654,NONE,tag,new,sold,State mismatch: Tag is new but last action was invoice_create,Last Log ID: 10016
2026-02-04T16:21:12.588280,ANOMALY_STATE_MISMATCH,Barcode,36653,NONE,tag,new,sold,State mismatch: Tag is new but last action was invoice_create,Last Log ID: 4958
2026-02-04T16:21:12.597327,ANOMALY_STATE_MISMATCH,Barcode,36652,NONE,tag,new,sold,State mismatch: Tag is new but last action was invoice_create,Last Log ID: 6540
2026-02-04T16:21:12.623776,ANOMALY_STATE_MISMATCH,Barcode,36649,NONE,tag,new,sold,State mismatch: Tag is new but last action was invoice_create,Last Log ID: 3204
2026-02-04T16:21:12.641220,ANOMALY_STATE_MISMATCH,Barcode,36647,NONE,tag,new,sold,State mismatch: Tag is new but last action was invoice_create,Last Log ID: 6433
2026-02-04T16:21:12.676293,ANOMALY_STATE_MISMATCH,Barcode,36643,NONE,tag,new,sold,State mismatch: Tag is new but last action was invoice_create,Last Log ID: 8348
2026-02-04T16:21:12.685188,ANOMALY_STATE_MISMATCH,Barcode,36642,NONE,tag,new,sold,State mismatch: Tag is new but last action was invoice_create,Last Log ID: 8341
2026-02-04T16:21:12.694054,ANOMALY_STATE_MISMATCH,Barcode,36641,NONE,tag,new,sold,State mismatch: Tag is new but last action was invoice_create,Last Log ID: 11305
2026-02-04T16:21:12.703160,ANOMALY_STATE_MISMATCH,Barcode,36640,NONE,tag,new,sold,State mismatch: Tag is new but last action was invoice_create,Last Log ID: 11833
2026-02-04T16:21:12.711974,ANOMALY_STATE_MISMATCH,Barcode,36639,NONE,tag,new,sold,State mismatch: Tag is new but last action was invoice_create,Last Log ID: 3278
2026-02-04T16:21:12.720765,ANOMALY_STATE_MISMATCH,Barcode,36638,NONE,tag,new,sold,State mismatch: Tag is new but last action was invoice_create,Last Log ID: 11820
2026-02-04T16:21:12.729601,ANOMALY_STATE_MISMATCH,Barcode,36637,NONE,tag,new,sold,State mismatch: Tag is new but last action was invoice_create,Last Log ID: 12196
2026-02-04T16:21:12.747285,ANOMALY_STATE_MISMATCH,Barcode,36635,NONE,tag,new,sold,State mismatch: Tag is new but last action was invoice_create,Last Log ID: 11211
2026-02-04T16:21:12.756094,ANOMALY_STATE_MISMATCH,Barcode,36634,NONE,tag,new,sold,State mismatch: Tag is new but last action was invoice_create,Last Log ID: 10016
2026-02-04T16:21:12.773655,ANOMALY_STATE_MISMATCH,Barcode,36632,NONE,tag,new,sold,State mismatch: Tag is new but last action was invoice_create,Last Log ID: 8389
2026-02-04T16:21:12.791261,ANOMALY_STATE_MISMATCH,Barcode,36630,NONE,tag,new,sold,State mismatch: Tag is new but last action was invoice_create,Last Log ID: 5259
2026-02-04T16:21:12.834658,ANOMALY_STATE_MISMATCH,Barcode,36625,NONE,tag,new,sold,State mismatch: Tag is new but last action was invoice_create,Last Log ID: 4752
2026-02-04T16:21:12.843559,ANOMALY_STATE_MISMATCH,Barcode,36624,NONE,tag,new,sold,State mismatch: Tag is new but last action was invoice_create,Last Log ID: 8384
2026-02-04T16:21:12.852422,ANOMALY_STATE_MISMATCH,Barcode,36623,NONE,tag,new,sold,State mismatch: Tag is new but last action was invoice_create,Last Log ID: 4131
2026-02-04T16:21:18.554261,ANOMALY_STATE_MISMATCH,Barcode,35969,NONE,tag,unknown,returned,State mismatch: Tag is unknown but last action was replacement_return,Last Log ID: 11414
2026-02-04T16:21:19.972199,ANOMALY_STATE_MISMATCH,Barcode,35785,NONE,tag,new,sold,State mismatch: Tag is new but last action was invoice_create,Last Log ID: 6808
2026-02-04T16:21:19.981202,ANOMALY_STATE_MISMATCH,Barcode,35784,NONE,tag,new,sold,State mismatch: Tag is new but last action was invoice_create,Last Log ID: 6807
2026-02-04T16:21:19.990188,ANOMALY_STATE_MISMATCH,Barcode,35783,NONE,tag,new,sold,State mismatch: Tag is new but last action was invoice_create,Last Log ID: 6806
2026-02-04T16:21:19.999329,ANOMALY_STATE_MISMATCH,Barcode,35782,NONE,tag,new,sold,State mismatch: Tag is new but last action was invoice_create,Last Log ID: 6805
2026-02-04T16:21:20.008853,ANOMALY_STATE_MISMATCH,Barcode,35781,NONE,tag,new,sold,State mismatch: Tag is new but last action was invoice_create,Last Log ID: 6804
2026-02-04T16:21:20.018311,ANOMALY_STATE_MISMATCH,Barcode,35780,NONE,tag,new,sold,State mismatch: Tag is new but last action was invoice_create,Last Log ID: 6803
2026-02-04T16:21:20.027750,ANOMALY_STATE_MISMATCH,Barcode,35779,NONE,tag,new,sold,State mismatch: Tag is new but last action was invoice_create,Last Log ID: 6802
2026-02-04T16:21:20.045707,ANOMALY_STATE_MISMATCH,Barcode,35777,NONE,tag,new,sold,State mismatch: Tag is new but last action was invoice_create,Last Log ID: 6799
2026-02-04T16:21:20.054920,ANOMALY_STATE_MISMATCH,Barcode,35776,NONE,tag,new,sold,State mismatch: Tag is new but last action was invoice_create,Last Log ID: 6800
2026-02-04T16:21:20.430222,ANOMALY_STATE_MISMATCH,Barcode,35734,NONE,tag,defective,returned,State mismatch: Tag is defective but last action was replacement_return,Last Log ID: 11670
2026-02-04T16:21:21.056738,ANOMALY_STATE_MISMATCH,Barcode,35664,NONE,tag,sold,returned,State mismatch: Tag is sold but last action was replacement_return,Last Log ID: 11670
2026-02-04T16:21:21.250582,ANOMALY_STATE_MISMATCH,Barcode,35642,NONE,tag,sold,returned,State mismatch: Tag is sold but last action was replacement_return,Last Log ID: 12169
2026-02-04T16:21:21.294558,ANOMALY_STATE_MISMATCH,Barcode,35637,NONE,tag,new,sold,State mismatch: Tag is new but last action was invoice_create,Last Log ID: 7792
2026-02-04T16:21:24.117029,ANOMALY_STATE_MISMATCH,Barcode,35294,NONE,tag,new,sold,State mismatch: Tag is new but last action was invoice_create,Last Log ID: 10868
2026-02-04T16:21:24.439300,ANOMALY_STATE_MISMATCH,Barcode,35256,NONE,tag,new,sold,State mismatch: Tag is new but last action was invoice_create,Last Log ID: 3054
2026-02-04T16:21:24.603017,ANOMALY_STATE_MISMATCH,Barcode,35237,NONE,tag,new,sold,State mismatch: Tag is new but last action was invoice_create,Last Log ID: 7941
2026-02-04T16:21:24.620396,ANOMALY_STATE_MISMATCH,Barcode,35235,NONE,tag,new,sold,State mismatch: Tag is new but last action was invoice_create,Last Log ID: 4745
2026-02-04T16:21:24.681095,ANOMALY_STATE_MISMATCH,Barcode,35228,NONE,tag,new,sold,State mismatch: Tag is new but last action was invoice_create,Last Log ID: 6361
2026-02-04T16:21:24.961137,ANOMALY_STATE_MISMATCH,Barcode,35195,NONE,tag,new,sold,State mismatch: Tag is new but last action was invoice_create,Last Log ID: 3355
2026-02-04T16:21:24.969858,ANOMALY_STATE_MISMATCH,Barcode,35194,NONE,tag,new,sold,State mismatch: Tag is new but last action was invoice_create,Last Log ID: 4533
2026-02-04T16:21:24.978944,ANOMALY_STATE_MISMATCH,Barcode,35193,NONE,tag,new,sold,State mismatch: Tag is new but last action was invoice_create,Last Log ID: 3353
2026-02-04T16:21:24.987843,ANOMALY_STATE_MISMATCH,Barcode,35192,NONE,tag,new,sold,State mismatch: Tag is new but last action was invoice_create,Last Log ID: 3354
2026-02-04T16:21:24.996735,ANOMALY_STATE_MISMATCH,Barcode,35191,NONE,tag,new,sold,State mismatch: Tag is new but last action was invoice_create,Last Log ID: 3590
2026-02-04T16:21:25.011121,ANOMALY_STATE_MISMATCH,Barcode,35190,NONE,tag,new,sold,State mismatch: Tag is new but last action was invoice_create,Last Log ID: 6358
2026-02-04T16:21:25.028658,ANOMALY_STATE_MISMATCH,Barcode,35188,NONE,tag,new,sold,State mismatch: Tag is new but last action was invoice_create,Last Log ID: 11255
2026-02-04T16:21:25.046419,ANOMALY_STATE_MISMATCH,Barcode,35186,NONE,tag,new,sold,State mismatch: Tag is new but last action was invoice_create,Last Log ID: 2475
2026-02-04T16:21:25.055527,ANOMALY_STATE_MISMATCH,Barcode,35185,NONE,tag,new,sold,State mismatch: Tag is new but last action was invoice_create,Last Log ID: 11254
2026-02-04T16:21:25.064363,ANOMALY_STATE_MISMATCH,Barcode,35184,NONE,tag,new,sold,State mismatch: Tag is new but last action was invoice_create,Last Log ID: 2476
2026-02-04T16:21:25.081600,ANOMALY_STATE_MISMATCH,Barcode,35182,NONE,tag,new,sold,State mismatch: Tag is new but last action was invoice_create,Last Log ID: 2477
2026-02-04T16:21:25.124781,ANOMALY_STATE_MISMATCH,Barcode,35177,NONE,tag,new,sold,State mismatch: Tag is new but last action was invoice_create,Last Log ID: 5704
2026-02-04T16:21:25.141998,ANOMALY_STATE_MISMATCH,Barcode,35175,NONE,tag,new,sold,State mismatch: Tag is new but last action was invoice_create,Last Log ID: 4585
2026-02-04T16:21:25.150853,ANOMALY_STATE_MISMATCH,Barcode,35174,NONE,tag,new,sold,State mismatch: Tag is new but last action was invoice_create,Last Log ID: 4584
2026-02-04T16:21:25.236269,ANOMALY_STATE_MISMATCH,Barcode,35164,NONE,tag,new,sold,State mismatch: Tag is new but last action was invoice_create,Last Log ID: 6547
2026-02-04T16:21:25.330578,ANOMALY_STATE_MISMATCH,Barcode,35153,NONE,tag,new,sold,State mismatch: Tag is new but last action was invoice_create,Last Log ID: 6360
2026-02-04T16:21:25.372784,ANOMALY_STATE_MISMATCH,Barcode,35148,NONE,tag,new,sold,State mismatch: Tag is new but last action was invoice_create,Last Log ID: 6635
2026-02-04T16:21:25.390054,ANOMALY_STATE_MISMATCH,Barcode,35146,NONE,tag,new,returned,State mismatch: Tag is new but last action was replacement_return,Last Log ID: 11414
2026-02-04T16:21:25.398906,ANOMALY_STATE_MISMATCH,Barcode,35145,NONE,tag,new,sold,State mismatch: Tag is new but last action was invoice_create,Last Log ID: 6359
2026-02-04T16:21:25.407726,ANOMALY_STATE_MISMATCH,Barcode,35144,NONE,tag,new,sold,State mismatch: Tag is new but last action was invoice_create,Last Log ID: 3589
2026-02-04T16:21:25.416447,ANOMALY_STATE_MISMATCH,Barcode,35143,NONE,tag,new,sold,State mismatch: Tag is new but last action was invoice_create,Last Log ID: 3587
2026-02-04T16:21:25.425363,ANOMALY_STATE_MISMATCH,Barcode,35142,NONE,tag,new,sold,State mismatch: Tag is new but last action was invoice_create,Last Log ID: 3588
2026-02-04T16:21:25.434064,ANOMALY_STATE_MISMATCH,Barcode,35141,NONE,tag,new,sold,State mismatch: Tag is new but last action was invoice_create,Last Log ID: 3591
2026-02-04T16:21:25.442891,ANOMALY_STATE_MISMATCH,Barcode,35140,NONE,tag,new,sold,State mismatch: Tag is new but last action was invoice_create,Last Log ID: 3355
2026-02-04T16:21:25.451540,ANOMALY_STATE_MISMATCH,Barcode,35139,NONE,tag,new,sold,State mismatch: Tag is new but last action was invoice_create,Last Log ID: 4533
2026-02-04T16:21:25.460249,ANOMALY_STATE_MISMATCH,Barcode,35138,NONE,tag,new,sold,State mismatch: Tag is new but last action was invoice_create,Last Log ID: 3353
2026-02-04T16:21:25.468970,ANOMALY_STATE_MISMATCH,Barcode,35137,NONE,tag,new,sold,State mismatch: Tag is new but last action was invoice_create,Last Log ID: 3354
2026-02-04T16:21:25.477679,ANOMALY_STATE_MISMATCH,Barcode,35136,NONE,tag,new,sold,State mismatch: Tag is new but last action was invoice_create,Last Log ID: 3590
2026-02-04T16:21:25.486485,ANOMALY_STATE_MISMATCH,Barcode,35135,NONE,tag,new,sold,State mismatch: Tag is new but last action was invoice_create,Last Log ID: 6358
2026-02-04T16:21:25.495230,ANOMALY_STATE_MISMATCH,Barcode,35134,NONE,tag,new,sold,State mismatch: Tag is new but last action was invoice_create,Last Log ID: 6356
2026-02-04T16:21:25.503920,ANOMALY_STATE_MISMATCH,Barcode,35133,NONE,tag,new,sold,State mismatch: Tag is new but last action was invoice_create,Last Log ID: 11255
2026-02-04T16:21:25.512574,ANOMALY_STATE_MISMATCH,Barcode,35132,NONE,tag,new,sold,State mismatch: Tag is new but last action was invoice_create,Last Log ID: 2462
2026-02-04T16:21:25.521217,ANOMALY_STATE_MISMATCH,Barcode,35131,NONE,tag,new,sold,State mismatch: Tag is new but last action was invoice_create,Last Log ID: 2475
2026-02-04T16:21:25.529894,ANOMALY_STATE_MISMATCH,Barcode,35130,NONE,tag,new,sold,State mismatch: Tag is new but last action was invoice_create,Last Log ID: 11254
2026-02-04T16:21:25.538859,ANOMALY_STATE_MISMATCH,Barcode,35129,NONE,tag,new,sold,State mismatch: Tag is new but last action was invoice_create,Last Log ID: 11904
2026-02-04T16:21:25.547590,ANOMALY_STATE_MISMATCH,Barcode,35128,NONE,tag,new,sold,State mismatch: Tag is new but last action was invoice_create,Last Log ID: 11905
2026-02-04T16:21:25.556256,ANOMALY_STATE_MISMATCH,Barcode,35127,NONE,tag,new,sold,State mismatch: Tag is new but last action was invoice_create,Last Log ID: 6429
2026-02-04T16:21:25.590641,ANOMALY_STATE_MISMATCH,Barcode,35123,NONE,tag,new,sold,State mismatch: Tag is new but last action was invoice_create,Last Log ID: 6584
2026-02-04T16:21:25.600286,ANOMALY_STATE_MISMATCH,Barcode,35122,NONE,tag,new,sold,State mismatch: Tag is new but last action was invoice_create,Last Log ID: 5704
2026-02-04T16:21:25.609491,ANOMALY_STATE_MISMATCH,Barcode,35121,NONE,tag,new,sold,State mismatch: Tag is new but last action was invoice_create,Last Log ID: 11027
2026-02-04T16:21:25.620207,ANOMALY_STATE_MISMATCH,Barcode,35120,NONE,tag,new,sold,State mismatch: Tag is new but last action was invoice_create,Last Log ID: 5331
2026-02-04T16:21:25.633402,ANOMALY_STATE_MISMATCH,Barcode,35119,NONE,tag,new,sold,State mismatch: Tag is new but last action was invoice_create,Last Log ID: 10868
2026-02-04T16:21:26.288986,ANOMALY_STATE_MISMATCH,Barcode,35048,NONE,tag,new,sold,State mismatch: Tag is new but last action was invoice_create,Last Log ID: 4073
2026-02-04T16:21:26.315049,ANOMALY_STATE_MISMATCH,Barcode,35045,NONE,tag,new,sold,State mismatch: Tag is new but last action was invoice_create,Last Log ID: 7961
2026-02-04T16:21:26.358297,ANOMALY_STATE_MISMATCH,Barcode,35040,NONE,tag,new,sold,State mismatch: Tag is new but last action was invoice_create,Last Log ID: 5779
2026-02-04T16:21:26.367077,ANOMALY_STATE_MISMATCH,Barcode,35039,NONE,tag,new,sold,State mismatch: Tag is new but last action was invoice_create,Last Log ID: 5778
2026-02-04T16:21:27.918915,ANOMALY_STATE_MISMATCH,Barcode,34865,NONE,tag,in-cart,sold,State mismatch: Tag is in-cart but last action was invoice_create,Last Log ID: 12596
2026-02-04T16:21:28.088307,ANOMALY_STATE_MISMATCH,Barcode,34846,NONE,tag,new,sold,State mismatch: Tag is new but last action was invoice_create,Last Log ID: 11363
2026-02-04T16:21:28.106224,ANOMALY_STATE_MISMATCH,Barcode,34844,NONE,tag,new,sold,State mismatch: Tag is new but last action was invoice_create,Last Log ID: 11024
2026-02-04T16:21:28.132380,ANOMALY_STATE_MISMATCH,Barcode,34841,NONE,tag,new,sold,State mismatch: Tag is new but last action was invoice_create,Last Log ID: 11013
2026-02-04T16:21:28.780210,ANOMALY_STATE_MISMATCH,Barcode,34768,NONE,tag,new,sold,State mismatch: Tag is new but last action was invoice_create,Last Log ID: 5461
2026-02-04T16:21:28.789343,ANOMALY_STATE_MISMATCH,Barcode,34767,NONE,tag,new,sold,State mismatch: Tag is new but last action was invoice_create,Last Log ID: 5462
2026-02-04T16:21:28.798744,ANOMALY_STATE_MISMATCH,Barcode,34766,NONE,tag,new,sold,State mismatch: Tag is new but last action was invoice_create,Last Log ID: 5463
2026-02-04T16:21:28.807762,ANOMALY_STATE_MISMATCH,Barcode,34765,NONE,tag,new,sold,State mismatch: Tag is new but last action was invoice_create,Last Log ID: 5464
2026-02-04T16:21:28.816764,ANOMALY_STATE_MISMATCH,Barcode,34764,NONE,tag,new,sold,State mismatch: Tag is new but last action was invoice_create,Last Log ID: 5470
2026-02-04T16:21:28.825620,ANOMALY_STATE_MISMATCH,Barcode,34763,NONE,tag,new,sold,State mismatch: Tag is new but last action was invoice_create,Last Log ID: 5465
2026-02-04T16:21:28.834576,ANOMALY_STATE_MISMATCH,Barcode,34762,NONE,tag,new,sold,State mismatch: Tag is new but last action was invoice_create,Last Log ID: 5467
2026-02-04T16:21:28.843510,ANOMALY_STATE_MISMATCH,Barcode,34761,NONE,tag,new,sold,State mismatch: Tag is new but last action was invoice_create,Last Log ID: 5468
2026-02-04T16:21:28.852433,ANOMALY_STATE_MISMATCH,Barcode,34760,NONE,tag,new,sold,State mismatch: Tag is new but last action was invoice_create,Last Log ID: 5466
2026-02-04T16:21:28.861415,ANOMALY_STATE_MISMATCH,Barcode,34759,NONE,tag,new,sold,State mismatch: Tag is new but last action was invoice_create,Last Log ID: 5469
2026-02-04T16:21:29.108619,ANOMALY_STATE_MISMATCH,Barcode,34731,NONE,tag,new,sold,State mismatch: Tag is new but last action was invoice_create,Last Log ID: 5424
2026-02-04T16:21:29.222872,ANOMALY_STATE_MISMATCH,Barcode,34718,NONE,tag,new,sold,State mismatch: Tag is new but last action was invoice_create,Last Log ID: 3163
2026-02-04T16:21:29.231884,ANOMALY_STATE_MISMATCH,Barcode,34717,NONE,tag,new,sold,State mismatch: Tag is new but last action was invoice_create,Last Log ID: 3162
2026-02-04T16:21:29.240847,ANOMALY_STATE_MISMATCH,Barcode,34716,NONE,tag,new,sold,State mismatch: Tag is new but last action was invoice_create,Last Log ID: 3161
2026-02-04T16:21:29.249796,ANOMALY_STATE_MISMATCH,Barcode,34715,NONE,tag,new,sold,State mismatch: Tag is new but last action was invoice_create,Last Log ID: 3165
2026-02-04T16:21:29.258936,ANOMALY_STATE_MISMATCH,Barcode,34714,NONE,tag,new,sold,State mismatch: Tag is new but last action was invoice_create,Last Log ID: 3164
2026-02-04T16:21:29.267916,ANOMALY_STATE_MISMATCH,Barcode,34713,NONE,tag,new,sold,State mismatch: Tag is new but last action was invoice_create,Last Log ID: 3108
2026-02-04T16:21:29.276815,ANOMALY_STATE_MISMATCH,Barcode,34712,NONE,tag,new,sold,State mismatch: Tag is new but last action was invoice_create,Last Log ID: 3536
2026-02-04T16:21:29.285774,ANOMALY_STATE_MISMATCH,Barcode,34711,NONE,tag,new,sold,State mismatch: Tag is new but last action was invoice_create,Last Log ID: 3469
2026-02-04T16:21:29.294872,ANOMALY_STATE_MISMATCH,Barcode,34710,NONE,tag,new,sold,State mismatch: Tag is new but last action was invoice_create,Last Log ID: 3467
2026-02-04T16:21:29.303851,ANOMALY_STATE_MISMATCH,Barcode,34709,NONE,tag,new,sold,State mismatch: Tag is new but last action was invoice_create,Last Log ID: 3468
2026-02-04T16:21:29.739711,ANOMALY_STATE_MISMATCH,Barcode,34659,NONE,tag,new,sold,State mismatch: Tag is new but last action was invoice_create,Last Log ID: 8629
2026-02-04T16:21:29.748748,ANOMALY_STATE_MISMATCH,Barcode,34658,NONE,tag,new,sold,State mismatch: Tag is new but last action was invoice_create,Last Log ID: 8892
2026-02-04T16:21:29.757580,ANOMALY_STATE_MISMATCH,Barcode,34657,NONE,tag,new,sold,State mismatch: Tag is new but last action was invoice_create,Last Log ID: 11201
2026-02-04T16:21:31.036226,ANOMALY_STATE_MISMATCH,Barcode,34514,NONE,tag,new,sold,State mismatch: Tag is new but last action was invoice_create,Last Log ID: 5186
2026-02-04T16:21:31.045274,ANOMALY_STATE_MISMATCH,Barcode,34513,NONE,tag,new,sold,State mismatch: Tag is new but last action was invoice_create,Last Log ID: 5185
2026-02-04T16:21:31.054542,ANOMALY_STATE_MISMATCH,Barcode,34512,NONE,tag,new,sold,State mismatch: Tag is new but last action was invoice_create,Last Log ID: 5184
2026-02-04T16:21:31.063665,ANOMALY_STATE_MISMATCH,Barcode,34511,NONE,tag,new,sold,State mismatch: Tag is new but last action was invoice_create,Last Log ID: 5191
2026-02-04T16:21:31.072798,ANOMALY_STATE_MISMATCH,Barcode,34510,NONE,tag,new,sold,State mismatch: Tag is new but last action was invoice_create,Last Log ID: 5190
2026-02-04T16:21:31.081729,ANOMALY_STATE_MISMATCH,Barcode,34509,NONE,tag,new,sold,State mismatch: Tag is new but last action was invoice_create,Last Log ID: 5189
2026-02-04T16:21:31.090877,ANOMALY_STATE_MISMATCH,Barcode,34508,NONE,tag,new,sold,State mismatch: Tag is new but last action was invoice_create,Last Log ID: 5188
2026-02-04T16:21:31.099791,ANOMALY_STATE_MISMATCH,Barcode,34507,NONE,tag,new,sold,State mismatch: Tag is new but last action was invoice_create,Last Log ID: 9024
2026-02-04T16:21:31.108708,ANOMALY_STATE_MISMATCH,Barcode,34506,NONE,tag,new,sold,State mismatch: Tag is new but last action was invoice_create,Last Log ID: 9023
2026-02-04T16:21:31.117536,ANOMALY_STATE_MISMATCH,Barcode,34505,NONE,tag,new,sold,State mismatch: Tag is new but last action was invoice_create,Last Log ID: 9022
2026-02-04T16:21:31.126613,ANOMALY_STATE_MISMATCH,Barcode,34504,NONE,tag,new,sold,State mismatch: Tag is new but last action was invoice_create,Last Log ID: 11210
2026-02-04T16:21:31.135506,ANOMALY_STATE_MISMATCH,Barcode,34503,NONE,tag,new,sold,State mismatch: Tag is new but last action was invoice_create,Last Log ID: 11372
2026-02-04T16:21:31.144358,ANOMALY_STATE_MISMATCH,Barcode,34502,NONE,tag,new,sold,State mismatch: Tag is new but last action was invoice_create,Last Log ID: 9029
2026-02-04T16:21:31.395077,ANOMALY_STATE_MISMATCH,Barcode,34474,NONE,tag,new,sold,State mismatch: Tag is new but last action was invoice_create,Last Log ID: 9004
2026-02-04T16:21:31.403956,ANOMALY_STATE_MISMATCH,Barcode,34473,NONE,tag,new,sold,State mismatch: Tag is new but last action was invoice_create,Last Log ID: 8956
2026-02-04T16:21:31.412960,ANOMALY_STATE_MISMATCH,Barcode,34472,NONE,tag,new,sold,State mismatch: Tag is new but last action was invoice_create,Last Log ID: 11352
2026-02-04T16:21:31.422143,ANOMALY_STATE_MISMATCH,Barcode,34471,NONE,tag,new,sold,State mismatch: Tag is new but last action was invoice_create,Last Log ID: 11353
2026-02-04T16:21:31.431229,ANOMALY_STATE_MISMATCH,Barcode,34470,NONE,tag,new,sold,State mismatch: Tag is new but last action was invoice_create,Last Log ID: 6549
2026-02-04T16:21:31.442890,ANOMALY_STATE_MISMATCH,Barcode,34469,NONE,tag,new,sold,State mismatch: Tag is new but last action was invoice_create,Last Log ID: 5922
2026-02-04T16:21:31.464137,ANOMALY_STATE_MISMATCH,Barcode,34467,NONE,tag,new,sold,State mismatch: Tag is new but last action was invoice_create,Last Log ID: 12560
2026-02-04T16:21:31.490836,ANOMALY_STATE_MISMATCH,Barcode,34464,NONE,tag,new,sold,State mismatch: Tag is new but last action was invoice_create,Last Log ID: 9461
2026-02-04T16:21:31.499754,ANOMALY_STATE_MISMATCH,Barcode,34463,NONE,tag,new,sold,State mismatch: Tag is new but last action was invoice_create,Last Log ID: 11099
2026-02-04T16:21:31.508859,ANOMALY_STATE_MISMATCH,Barcode,34462,NONE,tag,new,sold,State mismatch: Tag is new but last action was invoice_create,Last Log ID: 10732
2026-02-04T16:21:31.517833,ANOMALY_STATE_MISMATCH,Barcode,34461,NONE,tag,new,sold,State mismatch: Tag is new but last action was invoice_create,Last Log ID: 8934
2026-02-04T16:21:31.526843,ANOMALY_STATE_MISMATCH,Barcode,34460,NONE,tag,new,sold,State mismatch: Tag is new but last action was invoice_create,Last Log ID: 11129
2026-02-04T16:21:31.588131,ANOMALY_STATE_MISMATCH,Barcode,34453,NONE,tag,new,sold,State mismatch: Tag is new but last action was invoice_create,Last Log ID: 5773
2026-02-04T16:21:31.658531,ANOMALY_STATE_MISMATCH,Barcode,34445,NONE,tag,new,sold,State mismatch: Tag is new but last action was invoice_create,Last Log ID: 11896
2026-02-04T16:21:31.684910,ANOMALY_STATE_MISMATCH,Barcode,34442,NONE,tag,new,sold,State mismatch: Tag is new but last action was invoice_create,Last Log ID: 9045
2026-02-04T16:21:31.693980,ANOMALY_STATE_MISMATCH,Barcode,34441,NONE,tag,new,sold,State mismatch: Tag is new but last action was invoice_create,Last Log ID: 9044
2026-02-04T16:21:31.703248,ANOMALY_STATE_MISMATCH,Barcode,34440,NONE,tag,new,sold,State mismatch: Tag is new but last action was invoice_create,Last Log ID: 9043
2026-02-04T16:21:31.721634,ANOMALY_STATE_MISMATCH,Barcode,34438,NONE,tag,new,sold,State mismatch: Tag is new but last action was invoice_create,Last Log ID: 11101
2026-02-04T16:21:31.730749,ANOMALY_STATE_MISMATCH,Barcode,34437,NONE,tag,new,sold,State mismatch: Tag is new but last action was invoice_create,Last Log ID: 3623
2026-02-04T16:21:31.739618,ANOMALY_STATE_MISMATCH,Barcode,34436,NONE,tag,new,sold,State mismatch: Tag is new but last action was invoice_create,Last Log ID: 12402
2026-02-04T16:21:31.748604,ANOMALY_STATE_MISMATCH,Barcode,34435,NONE,tag,new,sold,State mismatch: Tag is new but last action was invoice_create,Last Log ID: 12566
2026-02-04T16:21:31.757471,ANOMALY_STATE_MISMATCH,Barcode,34434,NONE,tag,new,sold,State mismatch: Tag is new but last action was invoice_create,Last Log ID: 12385
2026-02-04T16:21:31.766532,ANOMALY_STATE_MISMATCH,Barcode,34433,NONE,tag,new,sold,State mismatch: Tag is new but last action was invoice_create,Last Log ID: 12384
2026-02-04T16:21:31.775518,ANOMALY_STATE_MISMATCH,Barcode,34432,NONE,tag,new,sold,State mismatch: Tag is new but last action was invoice_create,Last Log ID: 11178
2026-02-04T16:21:31.784441,ANOMALY_STATE_MISMATCH,Barcode,34431,NONE,tag,new,sold,State mismatch: Tag is new but last action was invoice_create,Last Log ID: 12596
2026-02-04T16:21:31.793462,ANOMALY_STATE_MISMATCH,Barcode,34430,NONE,tag,new,sold,State mismatch: Tag is new but last action was invoice_create,Last Log ID: 11505
2026-02-04T16:21:31.802475,ANOMALY_STATE_MISMATCH,Barcode,34429,NONE,tag,new,sold,State mismatch: Tag is new but last action was invoice_create,Last Log ID: 11316
2026-02-04T16:21:31.811414,ANOMALY_STATE_MISMATCH,Barcode,34428,NONE,tag,new,sold,State mismatch: Tag is new but last action was invoice_create,Last Log ID: 12383
2026-02-04T16:21:31.820342,ANOMALY_STATE_MISMATCH,Barcode,34427,NONE,tag,new,sold,State mismatch: Tag is new but last action was invoice_create,Last Log ID: 12382
2026-02-04T16:21:31.829386,ANOMALY_STATE_MISMATCH,Barcode,34426,NONE,tag,new,sold,State mismatch: Tag is new but last action was invoice_create,Last Log ID: 12381
2026-02-04T16:21:31.838309,ANOMALY_STATE_MISMATCH,Barcode,34425,NONE,tag,new,sold,State mismatch: Tag is new but last action was invoice_create,Last Log ID: 6643
2026-02-04T16:21:33.319449,ANOMALY_STATE_MISMATCH,Barcode,34254,NONE,tag,new,sold,State mismatch: Tag is new but last action was invoice_create,Last Log ID: 9480
2026-02-04T16:21:33.439911,ANOMALY_STATE_MISMATCH,Barcode,34240,NONE,tag,new,sold,State mismatch: Tag is new but last action was invoice_create,Last Log ID: 9483
2026-02-04T16:21:33.457145,ANOMALY_STATE_MISMATCH,Barcode,34238,NONE,tag,new,sold,State mismatch: Tag is new but last action was invoice_create,Last Log ID: 3568
2026-02-04T16:21:33.491809,ANOMALY_STATE_MISMATCH,Barcode,34234,NONE,tag,new,sold,State mismatch: Tag is new but last action was invoice_create,Last Log ID: 9482
2026-02-04T16:21:33.534981,ANOMALY_STATE_MISMATCH,Barcode,34229,NONE,tag,new,sold,State mismatch: Tag is new but last action was invoice_create,Last Log ID: 10858
2026-02-04T16:21:33.543705,ANOMALY_STATE_MISMATCH,Barcode,34228,NONE,tag,new,sold,State mismatch: Tag is new but last action was invoice_create,Last Log ID: 9484
2026-02-04T16:21:33.552475,ANOMALY_STATE_MISMATCH,Barcode,34227,NONE,tag,new,sold,State mismatch: Tag is new but last action was invoice_create,Last Log ID: 9481
2026-02-04T16:21:37.430562,ANOMALY_STATE_MISMATCH,Barcode,33783,NONE,tag,new,sold,State mismatch: Tag is new but last action was invoice_create,Last Log ID: 12072
2026-02-04T16:21:37.440441,ANOMALY_STATE_MISMATCH,Barcode,33782,NONE,tag,new,sold,State mismatch: Tag is new but last action was invoice_create,Last Log ID: 12071
2026-02-04T16:21:37.449847,ANOMALY_STATE_MISMATCH,Barcode,33781,NONE,tag,new,sold,State mismatch: Tag is new but last action was invoice_create,Last Log ID: 11132
2026-02-04T16:21:37.459693,ANOMALY_STATE_MISMATCH,Barcode,33780,NONE,tag,new,sold,State mismatch: Tag is new but last action was invoice_create,Last Log ID: 11302
2026-02-04T16:21:37.468878,ANOMALY_STATE_MISMATCH,Barcode,33779,NONE,tag,new,sold,State mismatch: Tag is new but last action was invoice_create,Last Log ID: 6723
2026-02-04T16:21:37.478099,ANOMALY_STATE_MISMATCH,Barcode,33778,NONE,tag,new,sold,State mismatch: Tag is new but last action was invoice_create,Last Log ID: 8908
2026-02-04T16:21:37.487608,ANOMALY_STATE_MISMATCH,Barcode,33777,NONE,tag,new,sold,State mismatch: Tag is new but last action was invoice_create,Last Log ID: 8909
2026-02-04T16:21:37.496826,ANOMALY_STATE_MISMATCH,Barcode,33776,NONE,tag,new,sold,State mismatch: Tag is new but last action was invoice_create,Last Log ID: 11859
2026-02-04T16:21:37.506187,ANOMALY_STATE_MISMATCH,Barcode,33775,NONE,tag,new,sold,State mismatch: Tag is new but last action was invoice_create,Last Log ID: 11858
2026-02-04T16:21:37.515500,ANOMALY_STATE_MISMATCH,Barcode,33774,NONE,tag,new,sold,State mismatch: Tag is new but last action was invoice_create,Last Log ID: 8914
2026-02-04T16:21:43.589348,ANOMALY_STATE_MISMATCH,Barcode,33089,NONE,tag,new,sold,State mismatch: Tag is new but last action was invoice_create,Last Log ID: 3663
2026-02-04T16:21:43.606746,ANOMALY_STATE_MISMATCH,Barcode,33087,NONE,tag,new,sold,State mismatch: Tag is new but last action was invoice_create,Last Log ID: 4956
2026-02-04T16:21:43.615490,ANOMALY_STATE_MISMATCH,Barcode,33086,NONE,tag,new,sold,State mismatch: Tag is new but last action was invoice_create,Last Log ID: 1606
2026-02-04T16:21:43.726626,ANOMALY_STATE_MISMATCH,Barcode,33073,NONE,tag,new,sold,State mismatch: Tag is new but last action was invoice_create,Last Log ID: 5388
2026-02-04T16:21:43.735453,ANOMALY_STATE_MISMATCH,Barcode,33072,NONE,tag,new,sold,State mismatch: Tag is new but last action was invoice_create,Last Log ID: 3664
2026-02-04T16:21:43.744142,ANOMALY_STATE_MISMATCH,Barcode,33071,NONE,tag,new,sold,State mismatch: Tag is new but last action was invoice_create,Last Log ID: 6631
2026-02-04T16:21:43.752755,ANOMALY_STATE_MISMATCH,Barcode,33070,NONE,tag,new,sold,State mismatch: Tag is new but last action was invoice_create,Last Log ID: 6023
2026-02-04T16:21:43.770237,ANOMALY_STATE_MISMATCH,Barcode,33068,NONE,tag,new,sold,State mismatch: Tag is new but last action was invoice_create,Last Log ID: 6632
2026-02-04T16:21:43.796028,ANOMALY_STATE_MISMATCH,Barcode,33065,NONE,tag,new,sold,State mismatch: Tag is new but last action was invoice_create,Last Log ID: 3219
2026-02-04T16:21:43.839064,ANOMALY_STATE_MISMATCH,Barcode,33060,NONE,tag,new,sold,State mismatch: Tag is new but last action was invoice_create,Last Log ID: 3542
2026-02-04T16:21:43.847926,ANOMALY_STATE_MISMATCH,Barcode,33059,NONE,tag,new,sold,State mismatch: Tag is new but last action was invoice_create,Last Log ID: 5824
2026-02-04T16:21:43.856718,ANOMALY_STATE_MISMATCH,Barcode,33058,NONE,tag,new,sold,State mismatch: Tag is new but last action was invoice_create,Last Log ID: 7175
2026-02-04T16:21:43.933423,ANOMALY_STATE_MISMATCH,Barcode,28620,NONE,tag,new,sold,State mismatch: Tag is new but last action was invoice_create,Last Log ID: 7764
2026-02-04T16:21:43.942400,ANOMALY_STATE_MISMATCH,Barcode,28619,NONE,tag,new,sold,State mismatch: Tag is new but last action was invoice_create,Last Log ID: 6008
2026-02-04T16:21:43.985467,ANOMALY_STATE_MISMATCH,Barcode,28614,NONE,tag,new,sold,State mismatch: Tag is new but last action was invoice_create,Last Log ID: 2468
2026-02-04T16:21:44.021421,ANOMALY_STATE_MISMATCH,Barcode,28610,NONE,tag,new,sold,State mismatch: Tag is new but last action was invoice_create,Last Log ID: 11903
2026-02-04T16:21:44.065538,ANOMALY_STATE_MISMATCH,Barcode,28605,NONE,tag,new,sold,State mismatch: Tag is new but last action was invoice_create,Last Log ID: 1425
2026-02-04T16:21:44.091656,ANOMALY_STATE_MISMATCH,Barcode,28602,NONE,tag,new,sold,State mismatch: Tag is new but last action was invoice_create,Last Log ID: 9110
2026-02-04T16:21:44.100428,ANOMALY_STATE_MISMATCH,Barcode,28601,NONE,tag,new,sold,State mismatch: Tag is new but last action was invoice_create,Last Log ID: 9521
2026-02-04T16:21:44.109182,ANOMALY_STATE_MISMATCH,Barcode,28600,NONE,tag,new,sold,State mismatch: Tag is new but last action was invoice_create,Last Log ID: 1388
2026-02-04T16:21:44.143554,ANOMALY_STATE_MISMATCH,Barcode,28596,NONE,tag,new,sold,State mismatch: Tag is new but last action was invoice_create,Last Log ID: 2590
2026-02-04T16:21:44.160687,ANOMALY_STATE_MISMATCH,Barcode,28594,NONE,tag,new,sold,State mismatch: Tag is new but last action was invoice_create,Last Log ID: 5388
2026-02-04T16:21:44.169764,ANOMALY_STATE_MISMATCH,Barcode,28593,NONE,tag,new,sold,State mismatch: Tag is new but last action was invoice_create,Last Log ID: 6634
2026-02-04T16:21:44.178673,ANOMALY_STATE_MISMATCH,Barcode,28592,NONE,tag,new,sold,State mismatch: Tag is new but last action was invoice_create,Last Log ID: 6631
2026-02-04T16:21:44.187330,ANOMALY_STATE_MISMATCH,Barcode,28591,NONE,tag,new,sold,State mismatch: Tag is new but last action was invoice_create,Last Log ID: 6023
2026-02-04T16:21:44.196054,ANOMALY_STATE_MISMATCH,Barcode,28590,NONE,tag,new,sold,State mismatch: Tag is new but last action was invoice_create,Last Log ID: 6633
2026-02-04T16:21:44.204754,ANOMALY_STATE_MISMATCH,Barcode,28589,NONE,tag,new,sold,State mismatch: Tag is new but last action was invoice_create,Last Log ID: 6632
2026-02-04T16:21:44.230609,ANOMALY_STATE_MISMATCH,Barcode,28586,NONE,tag,new,sold,State mismatch: Tag is new but last action was invoice_create,Last Log ID: 3219
2026-02-04T16:21:44.239447,ANOMALY_STATE_MISMATCH,Barcode,28585,NONE,tag,new,sold,State mismatch: Tag is new but last action was invoice_create,Last Log ID: 7514
2026-02-04T16:21:44.248185,ANOMALY_STATE_MISMATCH,Barcode,28584,NONE,tag,new,sold,State mismatch: Tag is new but last action was invoice_create,Last Log ID: 7513
2026-02-04T16:21:44.265386,ANOMALY_STATE_MISMATCH,Barcode,28582,NONE,tag,new,sold,State mismatch: Tag is new but last action was invoice_create,Last Log ID: 8264
2026-02-04T16:21:44.274077,ANOMALY_STATE_MISMATCH,Barcode,28581,NONE,tag,new,sold,State mismatch: Tag is new but last action was invoice_create,Last Log ID: 3542
2026-02-04T16:21:44.282807,ANOMALY_STATE_MISMATCH,Barcode,28580,NONE,tag,new,sold,State mismatch: Tag is new but last action was invoice_create,Last Log ID: 5824
2026-02-04T16:21:44.291535,ANOMALY_STATE_MISMATCH,Barcode,28579,NONE,tag,new,sold,State mismatch: Tag is new but last action was invoice_create,Last Log ID: 7175
2026-02-04T16:21:51.641387,ANOMALY_STATE_MISMATCH,Barcode,27734,NONE,tag,new,sold,State mismatch: Tag is new but last action was invoice_create,Last Log ID: 1389
2026-02-04T16:21:51.675449,ANOMALY_STATE_MISMATCH,Barcode,27730,NONE,tag,new,sold,State mismatch: Tag is new but last action was invoice_create,Last Log ID: 1260
2026-02-04T16:21:51.684128,ANOMALY_STATE_MISMATCH,Barcode,27729,NONE,tag,new,sold,State mismatch: Tag is new but last action was invoice_create,Last Log ID: 1261
2026-02-04T16:21:52.408130,ANOMALY_STATE_MISMATCH,Barcode,27644,NONE,tag,new,sold,State mismatch: Tag is new but last action was invoice_create,Last Log ID: 2530
2026-02-04T16:21:52.416820,ANOMALY_STATE_MISMATCH,Barcode,27643,NONE,tag,new,sold,State mismatch: Tag is new but last action was invoice_create,Last Log ID: 2525
2026-02-04T16:21:52.425668,ANOMALY_STATE_MISMATCH,Barcode,27642,NONE,tag,new,sold,State mismatch: Tag is new but last action was invoice_create,Last Log ID: 2526
2026-02-04T16:21:52.462052,ANOMALY_STATE_MISMATCH,Barcode,27640,NONE,tag,new,sold,State mismatch: Tag is new but last action was invoice_create,Last Log ID: 2524
2026-02-04T16:21:52.501016,ANOMALY_STATE_MISMATCH,Barcode,27639,NONE,tag,new,sold,State mismatch: Tag is new but last action was invoice_create,Last Log ID: 2521
2026-02-04T16:21:52.520171,ANOMALY_STATE_MISMATCH,Barcode,27638,NONE,tag,new,sold,State mismatch: Tag is new but last action was invoice_create,Last Log ID: 2528
2026-02-04T16:21:52.538837,ANOMALY_STATE_MISMATCH,Barcode,27637,NONE,tag,new,sold,State mismatch: Tag is new but last action was invoice_create,Last Log ID: 2527
2026-02-04T16:21:52.773123,ANOMALY_STATE_MISMATCH,Barcode,27616,NONE,tag,new,sold,State mismatch: Tag is new but last action was invoice_create,Last Log ID: 1411
2026-02-04T16:21:52.782253,ANOMALY_STATE_MISMATCH,Barcode,27615,NONE,tag,new,sold,State mismatch: Tag is new but last action was invoice_create,Last Log ID: 1403
2026-02-04T16:21:52.792061,ANOMALY_STATE_MISMATCH,Barcode,27614,NONE,tag,new,sold,State mismatch: Tag is new but last action was invoice_create,Last Log ID: 1406
2026-02-04T16:21:52.801173,ANOMALY_STATE_MISMATCH,Barcode,27613,NONE,tag,new,sold,State mismatch: Tag is new but last action was invoice_create,Last Log ID: 1402
2026-02-04T16:21:52.810239,ANOMALY_STATE_MISMATCH,Barcode,27612,NONE,tag,new,sold,State mismatch: Tag is new but last action was invoice_create,Last Log ID: 1405
2026-02-04T16:21:52.819397,ANOMALY_STATE_MISMATCH,Barcode,27611,NONE,tag,new,sold,State mismatch: Tag is new but last action was invoice_create,Last Log ID: 1407
2026-02-04T16:21:52.828582,ANOMALY_STATE_MISMATCH,Barcode,27610,NONE,tag,new,sold,State mismatch: Tag is new but last action was invoice_create,Last Log ID: 1404
2026-02-04T16:21:52.837942,ANOMALY_STATE_MISMATCH,Barcode,27609,NONE,tag,new,sold,State mismatch: Tag is new but last action was invoice_create,Last Log ID: 1408
2026-02-04T16:21:52.847002,ANOMALY_STATE_MISMATCH,Barcode,27608,NONE,tag,new,sold,State mismatch: Tag is new but last action was invoice_create,Last Log ID: 8023
2026-02-04T16:21:52.856113,ANOMALY_STATE_MISMATCH,Barcode,27607,NONE,tag,new,sold,State mismatch: Tag is new but last action was invoice_create,Last Log ID: 8022
2026-02-04T16:21:52.865174,ANOMALY_STATE_MISMATCH,Barcode,27606,NONE,tag,new,sold,State mismatch: Tag is new but last action was invoice_create,Last Log ID: 8029
2026-02-04T16:21:52.873919,ANOMALY_STATE_MISMATCH,Barcode,27605,NONE,tag,new,sold,State mismatch: Tag is new but last action was invoice_create,Last Log ID: 8031
2026-02-04T16:21:52.882679,ANOMALY_STATE_MISMATCH,Barcode,27604,NONE,tag,new,sold,State mismatch: Tag is new but last action was invoice_create,Last Log ID: 8028
2026-02-04T16:21:52.891213,ANOMALY_STATE_MISMATCH,Barcode,27603,NONE,tag,new,sold,State mismatch: Tag is new but last action was invoice_create,Last Log ID: 8025
2026-02-04T16:21:52.899857,ANOMALY_STATE_MISMATCH,Barcode,27602,NONE,tag,new,sold,State mismatch: Tag is new but last action was invoice_create,Last Log ID: 8026
2026-02-04T16:21:52.908433,ANOMALY_STATE_MISMATCH,Barcode,27601,NONE,tag,new,sold,State mismatch: Tag is new but last action was invoice_create,Last Log ID: 8030
2026-02-04T16:21:52.916981,ANOMALY_STATE_MISMATCH,Barcode,27600,NONE,tag,new,sold,State mismatch: Tag is new but last action was invoice_create,Last Log ID: 8027
2026-02-04T16:21:52.925765,ANOMALY_STATE_MISMATCH,Barcode,27599,NONE,tag,new,sold,State mismatch: Tag is new but last action was invoice_create,Last Log ID: 8024
2026-02-04T16:21:52.934579,ANOMALY_STATE_MISMATCH,Barcode,27598,NONE,tag,new,sold,State mismatch: Tag is new but last action was invoice_create,Last Log ID: 2995
2026-02-04T16:21:52.943225,ANOMALY_STATE_MISMATCH,Barcode,27597,NONE,tag,new,sold,State mismatch: Tag is new but last action was invoice_create,Last Log ID: 952
2026-02-04T16:21:57.347925,ANOMALY_STATE_MISMATCH,Barcode,27082,NONE,tag,new,sold,State mismatch: Tag is new but last action was invoice_create,Last Log ID: 1002
2026-02-04T16:21:57.356630,ANOMALY_STATE_MISMATCH,Barcode,27081,NONE,tag,new,sold,State mismatch: Tag is new but last action was invoice_create,Last Log ID: 1003
2026-02-04T16:21:57.542667,ANOMALY_STATE_MISMATCH,Barcode,27059,NONE,tag,new,sold,State mismatch: Tag is new but last action was invoice_create,Last Log ID: 1001
2026-02-04T16:21:57.696382,ANOMALY_STATE_MISMATCH,Barcode,27041,NONE,tag,new,sold,State mismatch: Tag is new but last action was invoice_create,Last Log ID: 1004
2026-02-04T16:21:57.705744,ANOMALY_STATE_MISMATCH,Barcode,27040,NONE,tag,new,sold,State mismatch: Tag is new but last action was invoice_create,Last Log ID: 1005
2026-02-04T16:21:57.714829,ANOMALY_STATE_MISMATCH,Barcode,27039,NONE,tag,new,sold,State mismatch: Tag is new but last action was invoice_create,Last Log ID: 1006
2026-02-04T16:21:57.723635,ANOMALY_STATE_MISMATCH,Barcode,27038,NONE,tag,new,sold,State mismatch: Tag is new but last action was invoice_create,Last Log ID: 1007
2026-02-04T16:21:57.732450,ANOMALY_STATE_MISMATCH,Barcode,27037,NONE,tag,new,sold,State mismatch: Tag is new but last action was invoice_create,Last Log ID: 1008
2026-02-04T16:21:57.741153,ANOMALY_STATE_MISMATCH,Barcode,27036,NONE,tag,new,sold,State mismatch: Tag is new but last action was invoice_create,Last Log ID: 1009
2026-02-04T16:21:57.835344,ANOMALY_STATE_MISMATCH,Barcode,27025,NONE,tag,new,sold,State mismatch: Tag is new but last action was invoice_create,Last Log ID: 1002
2026-02-04T16:21:57.844094,ANOMALY_STATE_MISMATCH,Barcode,27024,NONE,tag,new,sold,State mismatch: Tag is new but last action was invoice_create,Last Log ID: 1003
2026-02-04T16:21:57.852967,ANOMALY_STATE_MISMATCH,Barcode,27023,NONE,tag,new,sold,State mismatch: Tag is new but last action was invoice_create,Last Log ID: 1004
2026-02-04T16:21:57.861781,ANOMALY_STATE_MISMATCH,Barcode,27022,NONE,tag,new,sold,State mismatch: Tag is new but last action was invoice_create,Last Log ID: 1005
2026-02-04T16:21:57.870775,ANOMALY_STATE_MISMATCH,Barcode,27021,NONE,tag,new,sold,State mismatch: Tag is new but last action was invoice_create,Last Log ID: 1006
2026-02-04T16:21:57.879647,ANOMALY_STATE_MISMATCH,Barcode,27020,NONE,tag,new,sold,State mismatch: Tag is new but last action was invoice_create,Last Log ID: 1007
2026-02-04T16:21:57.888473,ANOMALY_STATE_MISMATCH,Barcode,27019,NONE,tag,new,sold,State mismatch: Tag is new but last action was invoice_create,Last Log ID: 1008
2026-02-04T16:21:57.897475,ANOMALY_STATE_MISMATCH,Barcode,27018,NONE,tag,new,sold,State mismatch: Tag is new but last action was invoice_create,Last Log ID: 1009
2026-02-04T16:21:58.495755,ANOMALY_STATE_MISMATCH,Barcode,25949,NONE,tag,new,sold,State mismatch: Tag is new but last action was invoice_create,Last Log ID: 809
2026-02-04T16:21:58.504637,ANOMALY_STATE_MISMATCH,Barcode,25948,NONE,tag,new,sold,State mismatch: Tag is new but last action was invoice_create,Last Log ID: 969
2026-02-04T16:22:12.634598,ANOMALY_STATE_MISMATCH,Barcode,24357,NONE,tag,new,sold,State mismatch: Tag is new but last action was invoice_create,Last Log ID: 6082
2026-02-04T16:22:12.644152,ANOMALY_STATE_MISMATCH,Barcode,24356,NONE,tag,new,sold,State mismatch: Tag is new but last action was invoice_create,Last Log ID: 6083
2026-02-04T16:22:12.652856,ANOMALY_STATE_MISMATCH,Barcode,24355,NONE,tag,new,sold,State mismatch: Tag is new but last action was invoice_create,Last Log ID: 6084
2026-02-04T16:22:12.661506,ANOMALY_STATE_MISMATCH,Barcode,24354,NONE,tag,new,sold,State mismatch: Tag is new but last action was invoice_create,Last Log ID: 6085
2026-02-04T16:22:12.670029,ANOMALY_STATE_MISMATCH,Barcode,24353,NONE,tag,new,sold,State mismatch: Tag is new but last action was invoice_create,Last Log ID: 6086
2026-02-04T16:22:12.678952,ANOMALY_STATE_MISMATCH,Barcode,24352,NONE,tag,new,sold,State mismatch: Tag is new but last action was invoice_create,Last Log ID: 6087
2026-02-04T16:22:12.687638,ANOMALY_STATE_MISMATCH,Barcode,24351,NONE,tag,new,sold,State mismatch: Tag is new but last action was invoice_create,Last Log ID: 6088
2026-02-04T16:22:12.696263,ANOMALY_STATE_MISMATCH,Barcode,24350,NONE,tag,new,sold,State mismatch: Tag is new but last action was invoice_create,Last Log ID: 6089
2026-02-04T16:22:12.704810,ANOMALY_STATE_MISMATCH,Barcode,24349,NONE,tag,new,sold,State mismatch: Tag is new but last action was invoice_create,Last Log ID: 6090
2026-02-04T16:22:12.893194,ANOMALY_STATE_MISMATCH,Barcode,24327,NONE,tag,new,sold,State mismatch: Tag is new but last action was invoice_create,Last Log ID: 6082
2026-02-04T16:22:12.901854,ANOMALY_STATE_MISMATCH,Barcode,24326,NONE,tag,new,sold,State mismatch: Tag is new but last action was invoice_create,Last Log ID: 6083
2026-02-04T16:22:12.910677,ANOMALY_STATE_MISMATCH,Barcode,24325,NONE,tag,new,sold,State mismatch: Tag is new but last action was invoice_create,Last Log ID: 6084
2026-02-04T16:22:12.919352,ANOMALY_STATE_MISMATCH,Barcode,24324,NONE,tag,new,sold,State mismatch: Tag is new but last action was invoice_create,Last Log ID: 6085
2026-02-04T16:22:12.927966,ANOMALY_STATE_MISMATCH,Barcode,24323,NONE,tag,new,sold,State mismatch: Tag is new but last action was invoice_create,Last Log ID: 6086
2026-02-04T16:22:12.936700,ANOMALY_STATE_MISMATCH,Barcode,24322,NONE,tag,new,sold,State mismatch: Tag is new but last action was invoice_create,Last Log ID: 6087
2026-02-04T16:22:12.945481,ANOMALY_STATE_MISMATCH,Barcode,24321,NONE,tag,new,sold,State mismatch: Tag is new but last action was invoice_create,Last Log ID: 6088
2026-02-04T16:22:12.954184,ANOMALY_STATE_MISMATCH,Barcode,24320,NONE,tag,new,sold,State mismatch: Tag is new but last action was invoice_create,Last Log ID: 6089
2026-02-04T16:22:12.962961,ANOMALY_STATE_MISMATCH,Barcode,24319,NONE,tag,new,sold,State mismatch: Tag is new but last action was invoice_create,Last Log ID: 6090
2026-02-04T16:22:12.971612,ANOMALY_STATE_MISMATCH,Barcode,24318,NONE,tag,new,sold,State mismatch: Tag is new but last action was invoice_create,Last Log ID: 6093
2026-02-04T16:23:13.568677,ANOMALY_STATE_MISMATCH,Barcode,16291,NONE,tag,new,sold,State mismatch: Tag is new but last action was invoice_create,Last Log ID: 6329
2026-02-04T16:23:14.896794,ANOMALY_STATE_MISMATCH,Barcode,16137,NONE,tag,new,sold,State mismatch: Tag is new but last action was invoice_create,Last Log ID: 6275
2026-02-04T16:23:14.905576,ANOMALY_STATE_MISMATCH,Barcode,16136,NONE,tag,new,sold,State mismatch: Tag is new but last action was invoice_create,Last Log ID: 6276
2026-02-04T16:23:14.914462,ANOMALY_STATE_MISMATCH,Barcode,16135,NONE,tag,new,sold,State mismatch: Tag is new but last action was invoice_create,Last Log ID: 6277
2026-02-04T16:23:14.923258,ANOMALY_STATE_MISMATCH,Barcode,16134,NONE,tag,new,sold,State mismatch: Tag is new but last action was invoice_create,Last Log ID: 6278
2026-02-04T16:23:14.932082,ANOMALY_STATE_MISMATCH,Barcode,16133,NONE,tag,new,sold,State mismatch: Tag is new but last action was invoice_create,Last Log ID: 6279
2026-02-04T16:23:14.940803,ANOMALY_STATE_MISMATCH,Barcode,16132,NONE,tag,new,sold,State mismatch: Tag is new but last action was invoice_create,Last Log ID: 6280
2026-02-04T16:23:14.949579,ANOMALY_STATE_MISMATCH,Barcode,16131,NONE,tag,new,sold,State mismatch: Tag is new but last action was invoice_create,Last Log ID: 6281
2026-02-04T16:23:14.958470,ANOMALY_STATE_MISMATCH,Barcode,16130,NONE,tag,new,sold,State mismatch: Tag is new but last action was invoice_create,Last Log ID: 6282
2026-02-04T16:23:16.578148,ANOMALY_STATE_MISMATCH,Barcode,15904,NONE,tag,new,sold,State mismatch: Tag is new but last action was invoice_create,Last Log ID: 6331
2026-02-04T16:23:16.588782,ANOMALY_STATE_MISMATCH,Barcode,15903,NONE,tag,new,sold,State mismatch: Tag is new but last action was invoice_create,Last Log ID: 6332
2026-02-04T16:23:16.598876,ANOMALY_STATE_MISMATCH,Barcode,15902,NONE,tag,new,sold,State mismatch: Tag is new but last action was invoice_create,Last Log ID: 6333
2026-02-04T16:23:16.607992,ANOMALY_STATE_MISMATCH,Barcode,15901,NONE,tag,new,sold,State mismatch: Tag is new but last action was invoice_create,Last Log ID: 6334
2026-02-04T16:23:16.616876,ANOMALY_STATE_MISMATCH,Barcode,15900,NONE,tag,new,sold,State mismatch: Tag is new but last action was invoice_create,Last Log ID: 6335
2026-02-04T16:23:16.625985,ANOMALY_STATE_MISMATCH,Barcode,15899,NONE,tag,new,sold,State mismatch: Tag is new but last action was invoice_create,Last Log ID: 6336
2026-02-04T16:23:16.635261,ANOMALY_STATE_MISMATCH,Barcode,15898,NONE,tag,new,sold,State mismatch: Tag is new but last action was invoice_create,Last Log ID: 6337
2026-02-04T16:23:16.645427,ANOMALY_STATE_MISMATCH,Barcode,15897,NONE,tag,new,sold,State mismatch: Tag is new but last action was invoice_create,Last Log ID: 6338
2026-02-04T16:23:16.654458,ANOMALY_STATE_MISMATCH,Barcode,15896,NONE,tag,new,sold,State mismatch: Tag is new but last action was invoice_create,Last Log ID: 6339
2026-02-04T16:23:16.831301,ANOMALY_STATE_MISMATCH,Barcode,15876,NONE,tag,new,sold,State mismatch: Tag is new but last action was invoice_create,Last Log ID: 6283
2026-02-04T16:23:16.840002,ANOMALY_STATE_MISMATCH,Barcode,15875,NONE,tag,new,sold,State mismatch: Tag is new but last action was invoice_create,Last Log ID: 6284
2026-02-04T16:23:16.848759,ANOMALY_STATE_MISMATCH,Barcode,15874,NONE,tag,new,sold,State mismatch: Tag is new but last action was invoice_create,Last Log ID: 6285
2026-02-04T16:23:17.633131,ANOMALY_STATE_MISMATCH,Barcode,15768,NONE,tag,new,sold,State mismatch: Tag is new but last action was invoice_create,Last Log ID: 6262
2026-02-04T16:23:17.641916,ANOMALY_STATE_MISMATCH,Barcode,15767,NONE,tag,new,sold,State mismatch: Tag is new but last action was invoice_create,Last Log ID: 6263
2026-02-04T16:23:17.650840,ANOMALY_STATE_MISMATCH,Barcode,15766,NONE,tag,new,sold,State mismatch: Tag is new but last action was invoice_create,Last Log ID: 6264
2026-02-04T16:23:17.917463,ANOMALY_STATE_MISMATCH,Barcode,15735,NONE,tag,new,sold,State mismatch: Tag is new but last action was invoice_create,Last Log ID: 6319
2026-02-04T16:23:17.926176,ANOMALY_STATE_MISMATCH,Barcode,15734,NONE,tag,new,sold,State mismatch: Tag is new but last action was invoice_create,Last Log ID: 6320
2026-02-04T16:23:18.412193,ANOMALY_STATE_MISMATCH,Barcode,15679,NONE,tag,new,sold,State mismatch: Tag is new but last action was invoice_create,Last Log ID: 6321
2026-02-04T16:23:18.421216,ANOMALY_STATE_MISMATCH,Barcode,15678,NONE,tag,new,sold,State mismatch: Tag is new but last action was invoice_create,Last Log ID: 6322
2026-02-04T16:23:18.430284,ANOMALY_STATE_MISMATCH,Barcode,15677,NONE,tag,new,sold,State mismatch: Tag is new but last action was invoice_create,Last Log ID: 6323
2026-02-04T16:23:18.439340,ANOMALY_STATE_MISMATCH,Barcode,15676,NONE,tag,new,sold,State mismatch: Tag is new but last action was invoice_create,Last Log ID: 6324
2026-02-04T16:23:18.448028,ANOMALY_STATE_MISMATCH,Barcode,15675,NONE,tag,new,sold,State mismatch: Tag is new but last action was invoice_create,Last Log ID: 6325
2026-02-04T16:23:18.456797,ANOMALY_STATE_MISMATCH,Barcode,15674,NONE,tag,new,sold,State mismatch: Tag is new but last action was invoice_create,Last Log ID: 6326
2026-02-04T16:23:18.465503,ANOMALY_STATE_MISMATCH,Barcode,15673,NONE,tag,new,sold,State mismatch: Tag is new but last action was invoice_create,Last Log ID: 6327
2026-02-04T16:23:18.474844,ANOMALY_STATE_MISMATCH,Barcode,15672,NONE,tag,new,sold,State mismatch: Tag is new but last action was invoice_create,Last Log ID: 6328
2026-02-04T16:23:18.716210,ANOMALY_STATE_MISMATCH,Barcode,15644,NONE,tag,new,sold,State mismatch: Tag is new but last action was invoice_create,Last Log ID: 6204
2026-02-04T16:23:18.724983,ANOMALY_STATE_MISMATCH,Barcode,15643,NONE,tag,new,sold,State mismatch: Tag is new but last action was invoice_create,Last Log ID: 6205
2026-02-04T16:23:18.733843,ANOMALY_STATE_MISMATCH,Barcode,15642,NONE,tag,new,sold,State mismatch: Tag is new but last action was invoice_create,Last Log ID: 6206
2026-02-04T16:23:19.132789,ANOMALY_STATE_MISMATCH,Barcode,15596,NONE,tag,new,sold,State mismatch: Tag is new but last action was invoice_create,Last Log ID: 6216
2026-02-04T16:23:19.141488,ANOMALY_STATE_MISMATCH,Barcode,15595,NONE,tag,new,sold,State mismatch: Tag is new but last action was invoice_create,Last Log ID: 6207
2026-02-04T16:23:19.150168,ANOMALY_STATE_MISMATCH,Barcode,15594,NONE,tag,new,sold,State mismatch: Tag is new but last action was invoice_create,Last Log ID: 6208
2026-02-04T16:23:19.159064,ANOMALY_STATE_MISMATCH,Barcode,15593,NONE,tag,new,sold,State mismatch: Tag is new but last action was invoice_create,Last Log ID: 6209
2026-02-04T16:23:19.167878,ANOMALY_STATE_MISMATCH,Barcode,15592,NONE,tag,new,sold,State mismatch: Tag is new but last action was invoice_create,Last Log ID: 6210
2026-02-04T16:23:19.176584,ANOMALY_STATE_MISMATCH,Barcode,15591,NONE,tag,new,sold,State mismatch: Tag is new but last action was invoice_create,Last Log ID: 6211
2026-02-04T16:23:19.185269,ANOMALY_STATE_MISMATCH,Barcode,15590,NONE,tag,new,sold,State mismatch: Tag is new but last action was invoice_create,Last Log ID: 6212
2026-02-04T16:23:19.193953,ANOMALY_STATE_MISMATCH,Barcode,15589,NONE,tag,new,sold,State mismatch: Tag is new but last action was invoice_create,Last Log ID: 6213
2026-02-04T16:23:19.202821,ANOMALY_STATE_MISMATCH,Barcode,15588,NONE,tag,new,sold,State mismatch: Tag is new but last action was invoice_create,Last Log ID: 6214
2026-02-04T16:23:19.211596,ANOMALY_STATE_MISMATCH,Barcode,15587,NONE,tag,new,sold,State mismatch: Tag is new but last action was invoice_create,Last Log ID: 6215
2026-02-04T16:23:19.428578,ANOMALY_STATE_MISMATCH,Barcode,15562,NONE,tag,new,sold,State mismatch: Tag is new but last action was invoice_create,Last Log ID: 6256
2026-02-04T16:23:19.437446,ANOMALY_STATE_MISMATCH,Barcode,15561,NONE,tag,new,sold,State mismatch: Tag is new but last action was invoice_create,Last Log ID: 6257
2026-02-04T16:23:19.446267,ANOMALY_STATE_MISMATCH,Barcode,15560,NONE,tag,new,sold,State mismatch: Tag is new but last action was invoice_create,Last Log ID: 6258
2026-02-04T16:23:19.455225,ANOMALY_STATE_MISMATCH,Barcode,15559,NONE,tag,new,sold,State mismatch: Tag is new but last action was invoice_create,Last Log ID: 6259
2026-02-04T16:23:19.464029,ANOMALY_STATE_MISMATCH,Barcode,15558,NONE,tag,new,sold,State mismatch: Tag is new but last action was invoice_create,Last Log ID: 6260
2026-02-04T16:23:19.473197,ANOMALY_STATE_MISMATCH,Barcode,15557,NONE,tag,new,sold,State mismatch: Tag is new but last action was invoice_create,Last Log ID: 6261
2026-02-04T16:23:19.525219,ANOMALY_STATE_MISMATCH,Barcode,15551,NONE,tag,new,sold,State mismatch: Tag is new but last action was invoice_create,Last Log ID: 6330
2026-02-04T16:23:19.533965,ANOMALY_STATE_MISMATCH,Barcode,15550,NONE,tag,new,sold,State mismatch: Tag is new but last action was invoice_create,Last Log ID: 6331
2026-02-04T16:23:19.542903,ANOMALY_STATE_MISMATCH,Barcode,15549,NONE,tag,new,sold,State mismatch: Tag is new but last action was invoice_create,Last Log ID: 6332
2026-02-04T16:23:19.551681,ANOMALY_STATE_MISMATCH,Barcode,15548,NONE,tag,new,sold,State mismatch: Tag is new but last action was invoice_create,Last Log ID: 6333
2026-02-04T16:23:19.560516,ANOMALY_STATE_MISMATCH,Barcode,15547,NONE,tag,new,sold,State mismatch: Tag is new but last action was invoice_create,Last Log ID: 6334
2026-02-04T16:23:19.569462,ANOMALY_STATE_MISMATCH,Barcode,15546,NONE,tag,new,sold,State mismatch: Tag is new but last action was invoice_create,Last Log ID: 6335
2026-02-04T16:23:19.578230,ANOMALY_STATE_MISMATCH,Barcode,15545,NONE,tag,new,sold,State mismatch: Tag is new but last action was invoice_create,Last Log ID: 6336
2026-02-04T16:23:19.587226,ANOMALY_STATE_MISMATCH,Barcode,15544,NONE,tag,new,sold,State mismatch: Tag is new but last action was invoice_create,Last Log ID: 6337
2026-02-04T16:23:19.596123,ANOMALY_STATE_MISMATCH,Barcode,15543,NONE,tag,new,sold,State mismatch: Tag is new but last action was invoice_create,Last Log ID: 6338
2026-02-04T16:23:19.604902,ANOMALY_STATE_MISMATCH,Barcode,15542,NONE,tag,new,sold,State mismatch: Tag is new but last action was invoice_create,Last Log ID: 6339
2026-02-04T16:23:19.708996,ANOMALY_STATE_MISMATCH,Barcode,15530,NONE,tag,new,sold,State mismatch: Tag is new but last action was invoice_create,Last Log ID: 6275
2026-02-04T16:23:19.717794,ANOMALY_STATE_MISMATCH,Barcode,15529,NONE,tag,new,sold,State mismatch: Tag is new but last action was invoice_create,Last Log ID: 6276
2026-02-04T16:23:19.726836,ANOMALY_STATE_MISMATCH,Barcode,15528,NONE,tag,new,sold,State mismatch: Tag is new but last action was invoice_create,Last Log ID: 6277
2026-02-04T16:23:19.735657,ANOMALY_STATE_MISMATCH,Barcode,15527,NONE,tag,new,sold,State mismatch: Tag is new but last action was invoice_create,Last Log ID: 6278
2026-02-04T16:23:19.744479,ANOMALY_STATE_MISMATCH,Barcode,15526,NONE,tag,new,sold,State mismatch: Tag is new but last action was invoice_create,Last Log ID: 6279
2026-02-04T16:23:19.753206,ANOMALY_STATE_MISMATCH,Barcode,15525,NONE,tag,new,sold,State mismatch: Tag is new but last action was invoice_create,Last Log ID: 6280
2026-02-04T16:23:19.761939,ANOMALY_STATE_MISMATCH,Barcode,15524,NONE,tag,new,sold,State mismatch: Tag is new but last action was invoice_create,Last Log ID: 6281
2026-02-04T16:23:19.770818,ANOMALY_STATE_MISMATCH,Barcode,15523,NONE,tag,new,sold,State mismatch: Tag is new but last action was invoice_create,Last Log ID: 6282
2026-02-04T16:23:19.779687,ANOMALY_STATE_MISMATCH,Barcode,15522,NONE,tag,new,sold,State mismatch: Tag is new but last action was invoice_create,Last Log ID: 6283
2026-02-04T16:23:19.788586,ANOMALY_STATE_MISMATCH,Barcode,15521,NONE,tag,new,sold,State mismatch: Tag is new but last action was invoice_create,Last Log ID: 6284
2026-02-04T16:23:19.797574,ANOMALY_STATE_MISMATCH,Barcode,15520,NONE,tag,new,sold,State mismatch: Tag is new but last action was invoice_create,Last Log ID: 9458
2026-02-04T16:23:19.867056,ANOMALY_STATE_MISMATCH,Barcode,15512,NONE,tag,new,sold,State mismatch: Tag is new but last action was invoice_create,Last Log ID: 6329
2026-02-04T16:23:21.603454,ANOMALY_STATE_MISMATCH,Barcode,15278,NONE,tag,new,sold,State mismatch: Tag is new but last action was invoice_create,Last Log ID: 6319
2026-02-04T16:23:21.612247,ANOMALY_STATE_MISMATCH,Barcode,15277,NONE,tag,new,sold,State mismatch: Tag is new but last action was invoice_create,Last Log ID: 6320
2026-02-04T16:23:21.621073,ANOMALY_STATE_MISMATCH,Barcode,15276,NONE,tag,new,sold,State mismatch: Tag is new but last action was invoice_create,Last Log ID: 6321
2026-02-04T16:23:21.630044,ANOMALY_STATE_MISMATCH,Barcode,15275,NONE,tag,new,sold,State mismatch: Tag is new but last action was invoice_create,Last Log ID: 6322
2026-02-04T16:23:21.638967,ANOMALY_STATE_MISMATCH,Barcode,15274,NONE,tag,new,sold,State mismatch: Tag is new but last action was invoice_create,Last Log ID: 6323
2026-02-04T16:23:21.656470,ANOMALY_STATE_MISMATCH,Barcode,15272,NONE,tag,defective,sold,State mismatch: Tag is defective but last action was invoice_create,Last Log ID: 6325
2026-02-04T16:23:21.665408,ANOMALY_STATE_MISMATCH,Barcode,15271,NONE,tag,new,sold,State mismatch: Tag is new but last action was invoice_create,Last Log ID: 6326
2026-02-04T16:23:21.674285,ANOMALY_STATE_MISMATCH,Barcode,15270,NONE,tag,new,sold,State mismatch: Tag is new but last action was invoice_create,Last Log ID: 6327
2026-02-04T16:23:21.683280,ANOMALY_STATE_MISMATCH,Barcode,15269,NONE,tag,new,sold,State mismatch: Tag is new but last action was invoice_create,Last Log ID: 6328
2026-02-04T16:23:27.329211,ANOMALY_STATE_MISMATCH,Barcode,14603,NONE,tag,new,returned,State mismatch: Tag is new but last action was replacement_return,Last Log ID: 479
2026-02-04T16:23:33.705190,ANOMALY_STATE_MISMATCH,Barcode,13862,NONE,tag,new,sold,State mismatch: Tag is new but last action was invoice_create,Last Log ID: 5023
2026-02-04T16:23:33.713727,ANOMALY_STATE_MISMATCH,Barcode,13861,NONE,tag,new,sold,State mismatch: Tag is new but last action was invoice_create,Last Log ID: 3550
2026-02-04T16:23:33.722320,ANOMALY_STATE_MISMATCH,Barcode,13860,NONE,tag,new,sold,State mismatch: Tag is new but last action was invoice_create,Last Log ID: 3552
2026-02-04T16:23:33.852492,ANOMALY_STATE_MISMATCH,Barcode,13845,NONE,tag,new,sold,State mismatch: Tag is new but last action was invoice_create,Last Log ID: 5889
2026-02-04T16:23:33.861175,ANOMALY_STATE_MISMATCH,Barcode,13844,NONE,tag,new,sold,State mismatch: Tag is new but last action was invoice_create,Last Log ID: 4961
2026-02-04T16:23:33.887240,ANOMALY_STATE_MISMATCH,Barcode,13841,NONE,tag,new,sold,State mismatch: Tag is new but last action was invoice_create,Last Log ID: 3549
2026-02-04T16:23:33.896660,ANOMALY_STATE_MISMATCH,Barcode,13840,NONE,tag,new,sold,State mismatch: Tag is new but last action was invoice_create,Last Log ID: 3551
2026-02-04T16:23:55.708650,ANOMALY_STATE_MISMATCH,Barcode,11147,NONE,tag,new,sold,State mismatch: Tag is new but last action was invoice_create,Last Log ID: 4421
2026-02-04T16:24:00.187519,DELETE_PROPOSAL,InvoiceItem,3634,INV-20260204-8351F336,ALL,"Product: FOLDER REALME 8I/CE2 LITE/9 PRO/A96 PESTING, Barcode: FOLD-20260129-0103-1",NONE,Structural mismatch in INV-20260204-8351F336,
2026-02-04T16:24:00.192337,DELETE_PROPOSAL,InvoiceItem,3640,INV-20260204-8351F336,ALL,"Product: FOLDER REALME 8I/CE2 LITE/9 PRO/A96 PESTING, Barcode: FOLD-20260129-0105-1",NONE,Structural mismatch in INV-20260204-8351F336,
2026-02-04T16:24:00.195937,DELETE_PROPOSAL,InvoiceItem,3641,INV-20260204-8351F336,ALL,"Product: FOLDER REALME 8I/CE2 LITE/9 PRO/A96 PESTING, Barcode: FOLD-20260129-0110-1",NONE,Structural mismatch in INV-20260204-8351F336,
2026-02-04T16:24:00.199175,CREATE_PROPOSAL,InvoiceItem,NEW,INV-20260204-8351F336,barcode,NONE,FOLD-20260129-0103-1,Structural repair for INV-20260204-8351F336,"Product: FOLDER REALME 8I/CE2 LITE/9 PRO/A96 PESTING, SKU: FOLD-20260124-669F4063"
2026-02-04T16:24:00.199268,CREATE_PROPOSAL,InvoiceItem,NEW,INV-20260204-8351F336,barcode,NONE,FOLD-20260129-0105-1,Structural repair for INV-20260204-8351F336,"Product: FOLDER REALME 8I/CE2 LITE/9 PRO/A96 PESTING, SKU: FOLD-20260124-669F4063"
2026-02-04T16:24:00.199307,CREATE_PROPOSAL,InvoiceItem,NEW,INV-20260204-8351F336,barcode,NONE,FOLD-20260129-0110-1,Structural repair for INV-20260204-8351F336,"Product: FOLDER REALME 8I/CE2 LITE/9 PRO/A96 PESTING, SKU: FOLD-20260124-669F4063"
2026-02-04T16:24:00.207275,CREATE_PROPOSAL,InvoiceItem,NEW,INV-20260204-8351F336,barcode,NONE,FOLD-20260127-0070-3,Structural repair for INV-20260204-8351F336,"Product: FOLDER REDMI 9A/9C/POCO C31/POCO C3 PESTING, SKU: REDM-20251225-1AE8DF54"
2026-02-04T16:24:00.207373,CREATE_PROPOSAL,InvoiceItem,NEW,INV-20260204-8351F336,barcode,NONE,FOLD-20260127-0061-3,Structural repair for INV-20260204-8351F336,"Product: FOLDER REDMI 9A/9C/POCO C31/POCO C3 PESTING, SKU: REDM-20251225-1AE8DF54"
2026-02-04T16:24:00.211464,CREATE_PROPOSAL,InvoiceItem,NEW,INV-20260204-8351F336,barcode,NONE,FOLD-20260113-0024-2,Structural repair for INV-20260204-8351F336,"Product: FOLDER REALME 6/RM7/RM8 5G PESTING, SKU: FOLD-20260129-7EEDCDCB"
2026-02-04T16:24:00.211546,CREATE_PROPOSAL,InvoiceItem,NEW,INV-20260204-8351F336,barcode,NONE,FOLD-20260113-0030-2,Structural repair for INV-20260204-8351F336,"Product: FOLDER REALME 6/RM7/RM8 5G PESTING, SKU: FOLD-20260129-7EEDCDCB"
2026-02-04T16:24:00.214414,CREATE_PROPOSAL,InvoiceItem,NEW,INV-20260204-8351F336,barcode,NONE,FOLD-20260127-0025-1,Structural repair for INV-20260204-8351F336,"Product: FOLDER SAMSUNG A02S/M02S/A03/A03S/A04E PESTING, SKU: FOLD-20260128-766F4618"
2026-02-04T16:24:00.217228,CREATE_PROPOSAL,InvoiceItem,NEW,INV-20260204-8351F336,barcode,NONE,FOLD-20260131-0218-1,Structural repair for INV-20260204-8351F336,"Product: FOLDER REALME C11/A15/A16/C12/C15 PESTING, SKU: C11-20251225-AA8C5C88"
2026-02-04T16:24:00.217326,CREATE_PROPOSAL,InvoiceItem,NEW,INV-20260204-8351F336,barcode,NONE,FOLD-20260131-0219-1,Structural repair for INV-20260204-8351F336,"Product: FOLDER REALME C11/A15/A16/C12/C15 PESTING, SKU: C11-20251225-AA8C5C88"
2026-02-04T16:24:00.217370,CREATE_PROPOSAL,InvoiceItem,NEW,INV-20260204-8351F336,barcode,NONE,FOLD-20260131-0220-1,Structural repair for INV-20260204-8351F336,"Product: FOLDER REALME C11/A15/A16/C12/C15 PESTING, SKU: C11-20251225-AA8C5C88"
2026-02-04T16:24:00.217407,CREATE_PROPOSAL,InvoiceItem,NEW,INV-20260204-8351F336,barcode,NONE,FOLD-20260131-0211-1,Structural repair for INV-20260204-8351F336,"Product: FOLDER REALME C11/A15/A16/C12/C15 PESTING, SKU: C11-20251225-AA8C5C88"
2026-02-04T16:24:00.217450,CREATE_PROPOSAL,InvoiceItem,NEW,INV-20260204-8351F336,barcode,NONE,FOLD-20260131-0212-1,Structural repair for INV-20260204-8351F336,"Product: FOLDER REALME C11/A15/A16/C12/C15 PESTING, SKU: C11-20251225-AA8C5C88"
2026-02-04T16:24:00.217482,CREATE_PROPOSAL,InvoiceItem,NEW,INV-20260204-8351F336,barcode,NONE,FOLD-20260131-0217-1,Structural repair for INV-20260204-8351F336,"Product: FOLDER REALME C11/A15/A16/C12/C15 PESTING, SKU: C11-20251225-AA8C5C88"
2026-02-04T16:24:00.217512,CREATE_PROPOSAL,InvoiceItem,NEW,INV-20260204-8351F336,barcode,NONE,FOLD-20260131-0216-1,Structural repair for INV-20260204-8351F336,"Product: FOLDER REALME C11/A15/A16/C12/C15 PESTING, SKU: C11-20251225-AA8C5C88"
2026-02-04T16:24:00.217545,CREATE_PROPOSAL,InvoiceItem,NEW,INV-20260204-8351F336,barcode,NONE,FOLD-20260131-0215-1,Structural repair for INV-20260204-8351F336,"Product: FOLDER REALME C11/A15/A16/C12/C15 PESTING, SKU: C11-20251225-AA8C5C88"
2026-02-04T16:24:00.217577,CREATE_PROPOSAL,InvoiceItem,NEW,INV-20260204-8351F336,barcode,NONE,FOLD-20260131-0214-1,Structural repair for INV-20260204-8351F336,"Product: FOLDER REALME C11/A15/A16/C12/C15 PESTING, SKU: C11-20251225-AA8C5C88"
2026-02-04T16:24:00.217608,CREATE_PROPOSAL,InvoiceItem,NEW,INV-20260204-8351F336,barcode,NONE,FOLD-20260131-0213-1,Structural repair for INV-20260204-8351F336,"Product: FOLDER REALME C11/A15/A16/C12/C15 PESTING, SKU: C11-20251225-AA8C5C88"
2026-02-04T16:24:00.221589,DELETE_PROPOSAL,InvoiceItem,3580,INV-20260204-AE1BCFE5,ALL,"Product: FOLDER VIVO Y20/Y21/Y22/Y33S/Y52S PESTING, Barcode: FOLD-20260131-0366",NONE,Structural mismatch in INV-20260204-AE1BCFE5,
2026-02-04T16:24:00.223799,DELETE_PROPOSAL,InvoiceItem,3581,INV-20260204-AE1BCFE5,ALL,"Product: FOLDER VIVO Y20/Y21/Y22/Y33S/Y52S PESTING, Barcode: FOLD-20260131-0367",NONE,Structural mismatch in INV-20260204-AE1BCFE5,
2026-02-04T16:24:00.227460,DELETE_PROPOSAL,InvoiceItem,3582,INV-20260204-AE1BCFE5,ALL,"Product: FOLDER VIVO Y20/Y21/Y22/Y33S/Y52S PESTING, Barcode: FOLD-20260131-0368",NONE,Structural mismatch in INV-20260204-AE1BCFE5,
2026-02-04T16:24:00.229628,DELETE_PROPOSAL,InvoiceItem,3583,INV-20260204-AE1BCFE5,ALL,"Product: FOLDER VIVO Y20/Y21/Y22/Y33S/Y52S PESTING, Barcode: FOLD-20260131-0369",NONE,Structural mismatch in INV-20260204-AE1BCFE5,
2026-02-04T16:24:00.231787,DELETE_PROPOSAL,InvoiceItem,3584,INV-20260204-AE1BCFE5,ALL,"Product: FOLDER VIVO Y20/Y21/Y22/Y33S/Y52S PESTING, Barcode: FOLD-20260131-0370",NONE,Structural mismatch in INV-20260204-AE1BCFE5,
2026-02-04T16:24:00.234442,DELETE_PROPOSAL,InvoiceItem,3585,INV-20260204-AE1BCFE5,ALL,"Product: FOLDER VIVO Y20/Y21/Y22/Y33S/Y52S PESTING, Barcode: FOLD-20260131-0361",NONE,Structural mismatch in INV-20260204-AE1BCFE5,
2026-02-04T16:24:00.237797,DELETE_PROPOSAL,InvoiceItem,3586,INV-20260204-AE1BCFE5,ALL,"Product: FOLDER VIVO Y20/Y21/Y22/Y33S/Y52S PESTING, Barcode: FOLD-20260131-0362",NONE,Structural mismatch in INV-20260204-AE1BCFE5,
2026-02-04T16:24:00.243774,DELETE_PROPOSAL,InvoiceItem,3587,INV-20260204-AE1BCFE5,ALL,"Product: FOLDER VIVO Y20/Y21/Y22/Y33S/Y52S PESTING, Barcode: FOLD-20260131-0363",NONE,Structural mismatch in INV-20260204-AE1BCFE5,
2026-02-04T16:24:00.248187,DELETE_PROPOSAL,InvoiceItem,3588,INV-20260204-AE1BCFE5,ALL,"Product: FOLDER VIVO Y20/Y21/Y22/Y33S/Y52S PESTING, Barcode: FOLD-20260131-0364",NONE,Structural mismatch in INV-20260204-AE1BCFE5,
2026-02-04T16:24:00.255551,DELETE_PROPOSAL,InvoiceItem,3589,INV-20260204-AE1BCFE5,ALL,"Product: FOLDER VIVO Y20/Y21/Y22/Y33S/Y52S PESTING, Barcode: FOLD-20260131-0365",NONE,Structural mismatch in INV-20260204-AE1BCFE5,
2026-02-04T16:24:00.263264,DELETE_PROPOSAL,InvoiceItem,3590,INV-20260204-AE1BCFE5,ALL,"Product: FOLDER VIVO Y20/Y21/Y22/Y33S/Y52S PESTING, Barcode: FOLD-20260131-0461",NONE,Structural mismatch in INV-20260204-AE1BCFE5,
2026-02-04T16:24:00.267169,DELETE_PROPOSAL,InvoiceItem,3591,INV-20260204-AE1BCFE5,ALL,"Product: FOLDER VIVO Y20/Y21/Y22/Y33S/Y52S PESTING, Barcode: FOLD-20260131-0463",NONE,Structural mismatch in INV-20260204-AE1BCFE5,
2026-02-04T16:24:00.269899,DELETE_PROPOSAL,InvoiceItem,3592,INV-20260204-AE1BCFE5,ALL,"Product: FOLDER VIVO Y20/Y21/Y22/Y33S/Y52S PESTING, Barcode: FOLD-20260131-0468",NONE,Structural mismatch in INV-20260204-AE1BCFE5,
2026-02-04T16:24:00.277550,DELETE_PROPOSAL,InvoiceItem,3593,INV-20260204-AE1BCFE5,ALL,"Product: FOLDER VIVO Y20/Y21/Y22/Y33S/Y52S PESTING, Barcode: FOLD-20260131-0462",NONE,Structural mismatch in INV-20260204-AE1BCFE5,
2026-02-04T16:24:00.279990,DELETE_PROPOSAL,InvoiceItem,3594,INV-20260204-AE1BCFE5,ALL,"Product: FOLDER VIVO Y20/Y21/Y22/Y33S/Y52S PESTING, Barcode: FOLD-20260131-0464",NONE,Structural mismatch in INV-20260204-AE1BCFE5,
2026-02-04T16:24:00.282613,DELETE_PROPOSAL,InvoiceItem,3595,INV-20260204-AE1BCFE5,ALL,"Product: FOLDER VIVO Y20/Y21/Y22/Y33S/Y52S PESTING, Barcode: FOLD-20260131-0466",NONE,Structural mismatch in INV-20260204-AE1BCFE5,
2026-02-04T16:24:00.284971,DELETE_PROPOSAL,InvoiceItem,3596,INV-20260204-AE1BCFE5,ALL,"Product: FOLDER VIVO Y20/Y21/Y22/Y33S/Y52S PESTING, Barcode: FOLD-20260131-0470",NONE,Structural mismatch in INV-20260204-AE1BCFE5,
2026-02-04T16:24:00.287196,DELETE_PROPOSAL,InvoiceItem,3597,INV-20260204-AE1BCFE5,ALL,"Product: FOLDER VIVO Y20/Y21/Y22/Y33S/Y52S PESTING, Barcode: FOLD-20260131-0465",NONE,Structural mismatch in INV-20260204-AE1BCFE5,
2026-02-04T16:24:00.292781,DELETE_PROPOSAL,InvoiceItem,3598,INV-20260204-AE1BCFE5,ALL,"Product: FOLDER VIVO Y20/Y21/Y22/Y33S/Y52S PESTING, Barcode: FOLD-20260131-0467",NONE,Structural mismatch in INV-20260204-AE1BCFE5,
2026-02-04T16:24:00.300883,DELETE_PROPOSAL,InvoiceItem,3599,INV-20260204-AE1BCFE5,ALL,"Product: FOLDER VIVO Y20/Y21/Y22/Y33S/Y52S PESTING, Barcode: FOLD-20260131-0469",NONE,Structural mismatch in INV-20260204-AE1BCFE5,
2026-02-04T16:24:00.303231,DELETE_PROPOSAL,InvoiceItem,3600,INV-20260204-AE1BCFE5,ALL,"Product: FOLDER VIVO Y91/Y93/Y95 PESTING, Barcode: FOLD-20260120-0012-2",NONE,Structural mismatch in INV-20260204-AE1BCFE5,
2026-02-04T16:24:00.306544,DELETE_PROPOSAL,InvoiceItem,3601,INV-20260204-AE1BCFE5,ALL,"Product: FOLDER VIVO Y91/Y93/Y95 PESTING, Barcode: FOLD-20260120-0013-2",NONE,Structural mismatch in INV-20260204-AE1BCFE5,
2026-02-04T16:24:00.309299,DELETE_PROPOSAL,InvoiceItem,3602,INV-20260204-AE1BCFE5,ALL,"Product: FOLDER VIVO Y91/Y93/Y95 PESTING, Barcode: FOLD-20260120-0014-2",NONE,Structural mismatch in INV-20260204-AE1BCFE5,
2026-02-04T16:24:00.311188,DELETE_PROPOSAL,InvoiceItem,3603,INV-20260204-AE1BCFE5,ALL,"Product: FOLDER VIVO Y91/Y93/Y95 PESTING, Barcode: FOLD-20260120-0019-2",NONE,Structural mismatch in INV-20260204-AE1BCFE5,
2026-02-04T16:24:00.313006,DELETE_PROPOSAL,InvoiceItem,3604,INV-20260204-AE1BCFE5,ALL,"Product: FOLDER VIVO Y91/Y93/Y95 PESTING, Barcode: FOLD-20260120-0020-2",NONE,Structural mismatch in INV-20260204-AE1BCFE5,
2026-02-04T16:24:00.315526,DELETE_PROPOSAL,InvoiceItem,3605,INV-20260204-AE1BCFE5,ALL,"Product: FOLDER REALME C61/C63/N63 PESTING, Barcode: FOLD-20260113-0029-3",NONE,Structural mismatch in INV-20260204-AE1BCFE5,
2026-02-04T16:24:00.317620,DELETE_PROPOSAL,InvoiceItem,3606,INV-20260204-AE1BCFE5,ALL,"Product: FOLDER REALME C61/C63/N63 PESTING, Barcode: FOLD-20260113-0028-3",NONE,Structural mismatch in INV-20260204-AE1BCFE5,
2026-02-04T16:24:00.319479,DELETE_PROPOSAL,InvoiceItem,3607,INV-20260204-AE1BCFE5,ALL,"Product: FOLDER SAMSUNG A20S PESTING, Barcode: FOLD-20260129-0002-11",NONE,Structural mismatch in INV-20260204-AE1BCFE5,
2026-02-04T16:24:00.321283,DELETE_PROPOSAL,InvoiceItem,3608,INV-20260204-AE1BCFE5,ALL,"Product: FOLDER OPPO F11 PESTING, Barcode: FOLD-20260127-0016-9",NONE,Structural mismatch in INV-20260204-AE1BCFE5,
2026-02-04T16:24:00.323289,DELETE_PROPOSAL,InvoiceItem,3609,INV-20260204-AE1BCFE5,ALL,"Product: FOLDER REALME C51/C53/N53 PESTING, Barcode: FOLD-20260131-0147-1",NONE,Structural mismatch in INV-20260204-AE1BCFE5,
2026-02-04T16:24:00.325145,DELETE_PROPOSAL,InvoiceItem,3610,INV-20260204-AE1BCFE5,ALL,"Product: FOLDER REALME C51/C53/N53 PESTING, Barcode: FOLD-20260131-0148-1",NONE,Structural mismatch in INV-20260204-AE1BCFE5,
2026-02-04T16:24:00.327137,DELETE_PROPOSAL,InvoiceItem,3611,INV-20260204-AE1BCFE5,ALL,"Product: FOLDER REALME C51/C53/N53 PESTING, Barcode: FOLD-20260131-0141-1",NONE,Structural mismatch in INV-20260204-AE1BCFE5,
2026-02-04T16:24:00.328923,DELETE_PROPOSAL,InvoiceItem,3612,INV-20260204-AE1BCFE5,ALL,"Product: FOLDER REALME C51/C53/N53 PESTING, Barcode: FOLD-20260131-0142-1",NONE,Structural mismatch in INV-20260204-AE1BCFE5,
2026-02-04T16:24:00.333455,DELETE_PROPOSAL,InvoiceItem,3613,INV-20260204-AE1BCFE5,ALL,"Product: FOLDER REALME C51/C53/N53 PESTING, Barcode: FOLD-20260131-0143-1",NONE,Structural mismatch in INV-20260204-AE1BCFE5,
2026-02-04T16:24:00.335586,CREATE_PROPOSAL,InvoiceItem,NEW,INV-20260204-AE1BCFE5,barcode,NONE,FOLD-20260131-0366,Structural repair for INV-20260204-AE1BCFE5,"Product: FOLDER VIVO Y20/Y21/Y22/Y33S/Y52S PESTING, SKU: FOLD-20260128-C844368B"
2026-02-04T16:24:00.335667,CREATE_PROPOSAL,InvoiceItem,NEW,INV-20260204-AE1BCFE5,barcode,NONE,FOLD-20260131-0367,Structural repair for INV-20260204-AE1BCFE5,"Product: FOLDER VIVO Y20/Y21/Y22/Y33S/Y52S PESTING, SKU: FOLD-20260128-C844368B"
2026-02-04T16:24:00.335714,CREATE_PROPOSAL,InvoiceItem,NEW,INV-20260204-AE1BCFE5,barcode,NONE,FOLD-20260131-0368,Structural repair for INV-20260204-AE1BCFE5,"Product: FOLDER VIVO Y20/Y21/Y22/Y33S/Y52S PESTING, SKU: FOLD-20260128-C844368B"
2026-02-04T16:24:00.335748,CREATE_PROPOSAL,InvoiceItem,NEW,INV-20260204-AE1BCFE5,barcode,NONE,FOLD-20260131-0369,Structural repair for INV-20260204-AE1BCFE5,"Product: FOLDER VIVO Y20/Y21/Y22/Y33S/Y52S PESTING, SKU: FOLD-20260128-C844368B"
2026-02-04T16:24:00.335779,CREATE_PROPOSAL,InvoiceItem,NEW,INV-20260204-AE1BCFE5,barcode,NONE,FOLD-20260131-0370,Structural repair for INV-20260204-AE1BCFE5,"Product: FOLDER VIVO Y20/Y21/Y22/Y33S/Y52S PESTING, SKU: FOLD-20260128-C844368B"
2026-02-04T16:24:00.335810,CREATE_PROPOSAL,InvoiceItem,NEW,INV-20260204-AE1BCFE5,barcode,NONE,FOLD-20260131-0361,Structural repair for INV-20260204-AE1BCFE5,"Product: FOLDER VIVO Y20/Y21/Y22/Y33S/Y52S PESTING, SKU: FOLD-20260128-C844368B"
2026-02-04T16:24:00.335839,CREATE_PROPOSAL,InvoiceItem,NEW,INV-20260204-AE1BCFE5,barcode,NONE,FOLD-20260131-0362,Structural repair for INV-20260204-AE1BCFE5,"Product: FOLDER VIVO Y20/Y21/Y22/Y33S/Y52S PESTING, SKU: FOLD-20260128-C844368B"
2026-02-04T16:24:00.335869,CREATE_PROPOSAL,InvoiceItem,NEW,INV-20260204-AE1BCFE5,barcode,NONE,FOLD-20260131-0363,Structural repair for INV-20260204-AE1BCFE5,"Product: FOLDER VIVO Y20/Y21/Y22/Y33S/Y52S PESTING, SKU: FOLD-20260128-C844368B"
2026-02-04T16:24:00.335900,CREATE_PROPOSAL,InvoiceItem,NEW,INV-20260204-AE1BCFE5,barcode,NONE,FOLD-20260131-0364,Structural repair for INV-20260204-AE1BCFE5,"Product: FOLDER VIVO Y20/Y21/Y22/Y33S/Y52S PESTING, SKU: FOLD-20260128-C844368B"
2026-02-04T16:24:00.335931,CREATE_PROPOSAL,InvoiceItem,NEW,INV-20260204-AE1BCFE5,barcode,NONE,FOLD-20260131-0365,Structural repair for INV-20260204-AE1BCFE5,"Product: FOLDER VIVO Y20/Y21/Y22/Y33S/Y52S PESTING, SKU: FOLD-20260128-C844368B"
2026-02-04T16:24:00.335969,CREATE_PROPOSAL,InvoiceItem,NEW,INV-20260204-AE1BCFE5,barcode,NONE,FOLD-20260131-0461,Structural repair for INV-20260204-AE1BCFE5,"Product: FOLDER VIVO Y20/Y21/Y22/Y33S/Y52S PESTING, SKU: FOLD-20260128-C844368B"
2026-02-04T16:24:00.335999,CREATE_PROPOSAL,InvoiceItem,NEW,INV-20260204-AE1BCFE5,barcode,NONE,FOLD-20260131-0463,Structural repair for INV-20260204-AE1BCFE5,"Product: FOLDER VIVO Y20/Y21/Y22/Y33S/Y52S PESTING, SKU: FOLD-20260128-C844368B"
2026-02-04T16:24:00.336028,CREATE_PROPOSAL,InvoiceItem,NEW,INV-20260204-AE1BCFE5,barcode,NONE,FOLD-20260131-0468,Structural repair for INV-20260204-AE1BCFE5,"Product: FOLDER VIVO Y20/Y21/Y22/Y33S/Y52S PESTING, SKU: FOLD-20260128-C844368B"
2026-02-04T16:24:00.336058,CREATE_PROPOSAL,InvoiceItem,NEW,INV-20260204-AE1BCFE5,barcode,NONE,FOLD-20260131-0462,Structural repair for INV-20260204-AE1BCFE5,"Product: FOLDER VIVO Y20/Y21/Y22/Y33S/Y52S PESTING, SKU: FOLD-20260128-C844368B"
2026-02-04T16:24:00.336088,CREATE_PROPOSAL,InvoiceItem,NEW,INV-20260204-AE1BCFE5,barcode,NONE,FOLD-20260131-0464,Structural repair for INV-20260204-AE1BCFE5,"Product: FOLDER VIVO Y20/Y21/Y22/Y33S/Y52S PESTING, SKU: FOLD-20260128-C844368B"
2026-02-04T16:24:00.336118,CREATE_PROPOSAL,InvoiceItem,NEW,INV-20260204-AE1BCFE5,barcode,NONE,FOLD-20260131-0466,Structural repair for INV-20260204-AE1BCFE5,"Product: FOLDER VIVO Y20/Y21/Y22/Y33S/Y52S PESTING, SKU: FOLD-20260128-C844368B"
2026-02-04T16:24:00.336148,CREATE_PROPOSAL,InvoiceItem,NEW,INV-20260204-AE1BCFE5,barcode,NONE,FOLD-20260131-0470,Structural repair for INV-20260204-AE1BCFE5,"Product: FOLDER VIVO Y20/Y21/Y22/Y33S/Y52S PESTING, SKU: FOLD-20260128-C844368B"
2026-02-04T16:24:00.336183,CREATE_PROPOSAL,InvoiceItem,NEW,INV-20260204-AE1BCFE5,barcode,NONE,FOLD-20260131-0465,Structural repair for INV-20260204-AE1BCFE5,"Product: FOLDER VIVO Y20/Y21/Y22/Y33S/Y52S PESTING, SKU: FOLD-20260128-C844368B"
2026-02-04T16:24:00.336215,CREATE_PROPOSAL,InvoiceItem,NEW,INV-20260204-AE1BCFE5,barcode,NONE,FOLD-20260131-0467,Structural repair for INV-20260204-AE1BCFE5,"Product: FOLDER VIVO Y20/Y21/Y22/Y33S/Y52S PESTING, SKU: FOLD-20260128-C844368B"
2026-02-04T16:24:00.336245,CREATE_PROPOSAL,InvoiceItem,NEW,INV-20260204-AE1BCFE5,barcode,NONE,FOLD-20260131-0469,Structural repair for INV-20260204-AE1BCFE5,"Product: FOLDER VIVO Y20/Y21/Y22/Y33S/Y52S PESTING, SKU: FOLD-20260128-C844368B"
2026-02-04T16:24:00.338134,CREATE_PROPOSAL,InvoiceItem,NEW,INV-20260204-AE1BCFE5,barcode,NONE,FOLD-20260120-0012-2,Structural repair for INV-20260204-AE1BCFE5,"Product: FOLDER VIVO Y91/Y93/Y95 PESTING, SKU: Y93-20251225-E9D58EE7"
2026-02-04T16:24:00.338211,CREATE_PROPOSAL,InvoiceItem,NEW,INV-20260204-AE1BCFE5,barcode,NONE,FOLD-20260120-0013-2,Structural repair for INV-20260204-AE1BCFE5,"Product: FOLDER VIVO Y91/Y93/Y95 PESTING, SKU: Y93-20251225-E9D58EE7"
2026-02-04T16:24:00.338254,CREATE_PROPOSAL,InvoiceItem,NEW,INV-20260204-AE1BCFE5,barcode,NONE,FOLD-20260120-0014-2,Structural repair for INV-20260204-AE1BCFE5,"Product: FOLDER VIVO Y91/Y93/Y95 PESTING, SKU: Y93-20251225-E9D58EE7"
2026-02-04T16:24:00.338288,CREATE_PROPOSAL,InvoiceItem,NEW,INV-20260204-AE1BCFE5,barcode,NONE,FOLD-20260120-0019-2,Structural repair for INV-20260204-AE1BCFE5,"Product: FOLDER VIVO Y91/Y93/Y95 PESTING, SKU: Y93-20251225-E9D58EE7"
2026-02-04T16:24:00.338319,CREATE_PROPOSAL,InvoiceItem,NEW,INV-20260204-AE1BCFE5,barcode,NONE,FOLD-20260120-0020-2,Structural repair for INV-20260204-AE1BCFE5,"Product: FOLDER VIVO Y91/Y93/Y95 PESTING, SKU: Y93-20251225-E9D58EE7"
2026-02-04T16:24:00.340582,CREATE_PROPOSAL,InvoiceItem,NEW,INV-20260204-AE1BCFE5,barcode,NONE,FOLD-20260113-0029-3,Structural repair for INV-20260204-AE1BCFE5,"Product: FOLDER REALME C61/C63/N63 PESTING, SKU: FOLD-20260129-97D52A0E"
2026-02-04T16:24:00.340642,CREATE_PROPOSAL,InvoiceItem,NEW,INV-20260204-AE1BCFE5,barcode,NONE,FOLD-20260113-0028-3,Structural repair for INV-20260204-AE1BCFE5,"Product: FOLDER REALME C61/C63/N63 PESTING, SKU: FOLD-20260129-97D52A0E"
2026-02-04T16:24:00.342481,CREATE_PROPOSAL,InvoiceItem,NEW,INV-20260204-AE1BCFE5,barcode,NONE,FOLD-20260129-0002-11,Structural repair for INV-20260204-AE1BCFE5,"Product: FOLDER SAMSUNG A20S PESTING, SKU: FOLD-20260129-A1D02600"
2026-02-04T16:24:00.344286,CREATE_PROPOSAL,InvoiceItem,NEW,INV-20260204-AE1BCFE5,barcode,NONE,FOLD-20260127-0016-9,Structural repair for INV-20260204-AE1BCFE5,"Product: FOLDER OPPO F11 PESTING, SKU: OPPO-20251225-26FF332A"
2026-02-04T16:24:00.346000,CREATE_PROPOSAL,InvoiceItem,NEW,INV-20260204-AE1BCFE5,barcode,NONE,FOLD-20260131-0147-1,Structural repair for INV-20260204-AE1BCFE5,"Product: FOLDER REALME C51/C53/N53 PESTING, SKU: REAL-20251225-765E4E6C"
2026-02-04T16:24:00.346059,CREATE_PROPOSAL,InvoiceItem,NEW,INV-20260204-AE1BCFE5,barcode,NONE,FOLD-20260131-0148-1,Structural repair for INV-20260204-AE1BCFE5,"Product: FOLDER REALME C51/C53/N53 PESTING, SKU: REAL-20251225-765E4E6C"
2026-02-04T16:24:00.346095,CREATE_PROPOSAL,InvoiceItem,NEW,INV-20260204-AE1BCFE5,barcode,NONE,FOLD-20260131-0141-1,Structural repair for INV-20260204-AE1BCFE5,"Product: FOLDER REALME C51/C53/N53 PESTING, SKU: REAL-20251225-765E4E6C"
2026-02-04T16:24:00.346127,CREATE_PROPOSAL,InvoiceItem,NEW,INV-20260204-AE1BCFE5,barcode,NONE,FOLD-20260131-0142-1,Structural repair for INV-20260204-AE1BCFE5,"Product: FOLDER REALME C51/C53/N53 PESTING, SKU: REAL-20251225-765E4E6C"
2026-02-04T16:24:00.346159,CREATE_PROPOSAL,InvoiceItem,NEW,INV-20260204-AE1BCFE5,barcode,NONE,FOLD-20260131-0143-1,Structural repair for INV-20260204-AE1BCFE5,"Product: FOLDER REALME C51/C53/N53 PESTING, SKU: REAL-20251225-765E4E6C"
2026-02-04T16:24:00.347917,CREATE_PROPOSAL,InvoiceItem,NEW,INV-20260204-AE1BCFE5,barcode,NONE,FOLD-20260120-0022-4,Structural repair for INV-20260204-AE1BCFE5,"Product: FOLDER REALME C55/N55/CE3 LITE PESTING, SKU: FOLD-20260130-BE1C2F24"
2026-02-04T16:24:00.350496,CREATE_PROPOSAL,InvoiceItem,NEW,INV-20260203-044AA9C1,barcode,NONE,BTP-20260126-0030-7,Structural repair for INV-20260203-044AA9C1,"Product: BT P+ BG7/Y12/Y15/Y17/Z1 PRO, SKU: P+B-20251226-054ABAF7"
2026-02-04T16:24:00.352286,CREATE_PROPOSAL,InvoiceItem,NEW,INV-20260203-785AA5E2,barcode,NONE,BTP-20260130-0078,Structural repair for INV-20260203-785AA5E2,"Product: BT P+ BN54/NOTE 9, SKU: BTP-20251227-5CC545B7"
2026-02-04T16:24:00.354436,CREATE_PROPOSAL,InvoiceItem,NEW,INV-20260203-FABEF21C,barcode,NONE,FOLD-20260127-0058-3,Structural repair for INV-20260203-FABEF21C,"Product: FOLDER REDMI 9A/9C/POCO C31/POCO C3 PESTING, SKU: REDM-20251225-1AE8DF54"
2026-02-04T16:24:00.356905,CREATE_PROPOSAL,InvoiceItem,NEW,INV-20260203-973739A7,barcode,NONE,BTP-20260124-0028-7,Structural repair for INV-20260203-973739A7,"Product: BT P+ 49FX/HOT8, SKU: BTP-20251227-6B543772"
2026-02-04T16:24:00.358854,CREATE_PROPOSAL,InvoiceItem,NEW,INV-20260203-D3C6569E,barcode,NONE,FOLD-20260117-0017-1,Structural repair for INV-20260203-D3C6569E,"Product: FOLDER REALME C20/C21/NARZO 50I PESTING, SKU: FOLD-20260124-2D9A1288"
2026-02-04T16:24:00.360736,CREATE_PROPOSAL,InvoiceItem,NEW,INV-20260203-0789D63A,barcode,NONE,FOLD-20260120-0013-6,Structural repair for INV-20260203-0789D63A,"Product: FOLDER REALME C55/N55/CE3 LITE PESTING, SKU: FOLD-20260130-BE1C2F24"
2026-02-04T16:24:00.362581,CREATE_PROPOSAL,InvoiceItem,NEW,INV-20260203-E0DAEAA0,barcode,NONE,BTP-20260126-0024-7,Structural repair for INV-20260203-E0DAEAA0,"Product: BT P+ B05/BO5/Y20/Y12S/Y11S/Y20I, SKU: P+B-20251226-6039C1BF"
2026-02-04T16:24:00.364415,CREATE_PROPOSAL,InvoiceItem,NEW,INV-20260202-17161181,barcode,NONE,FOLD-20260129-0013-9,Structural repair for INV-20260202-17161181,"Product: FOLDER REALME 9I 5G PESTING, SKU: FOLD-20260129-A9AE41A5"
2026-02-04T16:24:00.368607,CREATE_PROPOSAL,InvoiceItem,NEW,INV-20260202-0BB7C4DF,barcode,NONE,BTP-20260127-0003-2,Structural repair for INV-20260202-0BB7C4DF,"Product: BT P+ BLP923/K10 5G/A77 5G/A78 5G/A97 5G, SKU: BTP-20260127-717791BA"
2026-02-04T16:24:00.371215,DELETE_PROPOSAL,InvoiceItem,2654,INV-20260202-E3468011,ALL,"Product: FOLDER REALME 5/C3 PESTING, Barcode: FOLD-20260127-0044-6",NONE,Structural mismatch in INV-20260202-E3468011,
2026-02-04T16:24:00.373138,CREATE_PROPOSAL,InvoiceItem,NEW,INV-20260202-E3468011,barcode,NONE,VIVO-20260122-0010,Structural repair for INV-20260202-E3468011,"Product: FOLDER VIVO V15 PESTING, SKU: VIVO-20260122-DA5DFD00"
2026-02-04T16:24:00.374852,CREATE_PROPOSAL,InvoiceItem,NEW,INV-20260202-E3468011,barcode,NONE,FOLD-20260127-0105,Structural repair for INV-20260202-E3468011,"Product: FOLDER OPPO A57 NEW/C35 PESTING, SKU: FOLD-20260124-DA730393"
2026-02-04T16:24:00.374912,CREATE_PROPOSAL,InvoiceItem,NEW,INV-20260202-E3468011,barcode,NONE,FOLD-20260127-0104,Structural repair for INV-20260202-E3468011,"Product: FOLDER OPPO A57 NEW/C35 PESTING, SKU: FOLD-20260124-DA730393"
2026-02-04T16:24:00.374948,CREATE_PROPOSAL,InvoiceItem,NEW,INV-20260202-E3468011,barcode,NONE,FOLD-20260127-0103,Structural repair for INV-20260202-E3468011,"Product: FOLDER OPPO A57 NEW/C35 PESTING, SKU: FOLD-20260124-DA730393"
2026-02-04T16:24:00.376641,CREATE_PROPOSAL,InvoiceItem,NEW,INV-20260202-E3468011,barcode,NONE,FOLD-20260113-0005-3,Structural repair for INV-20260202-E3468011,"Product: FOLDER REALME 6/RM7/RM8 5G PESTING, SKU: FOLD-20260129-7EEDCDCB"
2026-02-04T16:24:00.376701,CREATE_PROPOSAL,InvoiceItem,NEW,INV-20260202-E3468011,barcode,NONE,FOLD-20260113-0004-3,Structural repair for INV-20260202-E3468011,"Product: FOLDER REALME 6/RM7/RM8 5G PESTING, SKU: FOLD-20260129-7EEDCDCB"
2026-02-04T16:24:00.378528,CREATE_PROPOSAL,InvoiceItem,NEW,INV-20260202-E3468011,barcode,NONE,FOLD-20260129-0238,Structural repair for INV-20260202-E3468011,"Product: FOLDER REALME 5/C3 PESTING, SKU: C3/R-20251225-7F5ED34E"
2026-02-04T16:24:00.378611,CREATE_PROPOSAL,InvoiceItem,NEW,INV-20260202-E3468011,barcode,NONE,FOLD-20260129-0239,Structural repair for INV-20260202-E3468011,"Product: FOLDER REALME 5/C3 PESTING, SKU: C3/R-20251225-7F5ED34E"
2026-02-04T16:24:00.378650,CREATE_PROPOSAL,InvoiceItem,NEW,INV-20260202-E3468011,barcode,NONE,FOLD-20260129-0240,Structural repair for INV-20260202-E3468011,"Product: FOLDER REALME 5/C3 PESTING, SKU: C3/R-20251225-7F5ED34E"
2026-02-04T16:24:00.378684,CREATE_PROPOSAL,InvoiceItem,NEW,INV-20260202-E3468011,barcode,NONE,FOLD-20260129-0237,Structural repair for INV-20260202-E3468011,"Product: FOLDER REALME 5/C3 PESTING, SKU: C3/R-20251225-7F5ED34E"
2026-02-04T16:24:00.378728,CREATE_PROPOSAL,InvoiceItem,NEW,INV-20260202-E3468011,barcode,NONE,FOLD-20260129-0235,Structural repair for INV-20260202-E3468011,"Product: FOLDER REALME 5/C3 PESTING, SKU: C3/R-20251225-7F5ED34E"
2026-02-04T16:24:00.378767,CREATE_PROPOSAL,InvoiceItem,NEW,INV-20260202-E3468011,barcode,NONE,FOLD-20260129-0236,Structural repair for INV-20260202-E3468011,"Product: FOLDER REALME 5/C3 PESTING, SKU: C3/R-20251225-7F5ED34E"
2026-02-04T16:24:00.378799,CREATE_PROPOSAL,InvoiceItem,NEW,INV-20260202-E3468011,barcode,NONE,FOLD-20260129-0234,Structural repair for INV-20260202-E3468011,"Product: FOLDER REALME 5/C3 PESTING, SKU: C3/R-20251225-7F5ED34E"
2026-02-04T16:24:00.378830,CREATE_PROPOSAL,InvoiceItem,NEW,INV-20260202-E3468011,barcode,NONE,FOLD-20260129-0231,Structural repair for INV-20260202-E3468011,"Product: FOLDER REALME 5/C3 PESTING, SKU: C3/R-20251225-7F5ED34E"
2026-02-04T16:24:00.378860,CREATE_PROPOSAL,InvoiceItem,NEW,INV-20260202-E3468011,barcode,NONE,FOLD-20260129-0232,Structural repair for INV-20260202-E3468011,"Product: FOLDER REALME 5/C3 PESTING, SKU: C3/R-20251225-7F5ED34E"
2026-02-04T16:24:00.378890,CREATE_PROPOSAL,InvoiceItem,NEW,INV-20260202-E3468011,barcode,NONE,FOLD-20260129-0233,Structural repair for INV-20260202-E3468011,"Product: FOLDER REALME 5/C3 PESTING, SKU: C3/R-20251225-7F5ED34E"
2026-02-04T16:24:00.379894,UPDATE_PROPOSAL,Barcode,41541,INV-20260131-00266B1F,tag,new,sold,Status mismatch on INV-20260131-00266B1F,Barcode: ASIT-20260127-0102
2026-02-04T16:24:00.379951,UPDATE_PROPOSAL,Barcode,41444,INV-20260131-00266B1F,tag,new,sold,Status mismatch on INV-20260131-00266B1F,Barcode: ASIT-20260127-0005
2026-02-04T16:24:00.379990,UPDATE_PROPOSAL,Barcode,41550,INV-20260131-00266B1F,tag,new,sold,Status mismatch on INV-20260131-00266B1F,Barcode: ASIT-20260127-0111
2026-02-04T16:24:00.380031,UPDATE_PROPOSAL,Barcode,41545,INV-20260131-00266B1F,tag,new,sold,Status mismatch on INV-20260131-00266B1F,Barcode: ASIT-20260127-0106
2026-02-04T16:24:00.380066,UPDATE_PROPOSAL,Barcode,41537,INV-20260131-00266B1F,tag,new,sold,Status mismatch on INV-20260131-00266B1F,Barcode: ASIT-20260127-0098
2026-02-04T16:24:00.380102,UPDATE_PROPOSAL,Barcode,41533,INV-20260131-00266B1F,tag,new,sold,Status mismatch on INV-20260131-00266B1F,Barcode: ASIT-20260127-0094
2026-02-04T16:24:00.380136,UPDATE_PROPOSAL,Barcode,41532,INV-20260131-00266B1F,tag,new,sold,Status mismatch on INV-20260131-00266B1F,Barcode: ASIT-20260127-0093
2026-02-04T16:24:00.380170,UPDATE_PROPOSAL,Barcode,41531,INV-20260131-00266B1F,tag,new,sold,Status mismatch on INV-20260131-00266B1F,Barcode: ASIT-20260127-0092
2026-02-04T16:24:00.380209,UPDATE_PROPOSAL,Barcode,41544,INV-20260131-00266B1F,tag,new,sold,Status mismatch on INV-20260131-00266B1F,Barcode: ASIT-20260127-0105
2026-02-04T16:24:00.380247,UPDATE_PROPOSAL,Barcode,41529,INV-20260131-00266B1F,tag,new,sold,Status mismatch on INV-20260131-00266B1F,Barcode: ASIT-20260127-0090
2026-02-04T16:24:00.380281,UPDATE_PROPOSAL,Barcode,41534,INV-20260131-00266B1F,tag,new,sold,Status mismatch on INV-20260131-00266B1F,Barcode: ASIT-20260127-0095
2026-02-04T16:24:00.380317,UPDATE_PROPOSAL,Barcode,41530,INV-20260131-00266B1F,tag,new,sold,Status mismatch on INV-20260131-00266B1F,Barcode: ASIT-20260127-0091
2026-02-04T16:24:00.380351,UPDATE_PROPOSAL,Barcode,41514,INV-20260131-00266B1F,tag,new,sold,Status mismatch on INV-20260131-00266B1F,Barcode: ASIT-20260127-0075
2026-02-04T16:24:00.380392,UPDATE_PROPOSAL,Barcode,41517,INV-20260131-00266B1F,tag,new,sold,Status mismatch on INV-20260131-00266B1F,Barcode: ASIT-20260127-0078
2026-02-04T16:24:00.380427,UPDATE_PROPOSAL,Barcode,41538,INV-20260131-00266B1F,tag,new,sold,Status mismatch on INV-20260131-00266B1F,Barcode: ASIT-20260127-0099
2026-02-04T16:24:00.380460,UPDATE_PROPOSAL,Barcode,41539,INV-20260131-00266B1F,tag,new,sold,Status mismatch on INV-20260131-00266B1F,Barcode: ASIT-20260127-0100
2026-02-04T16:24:00.380497,UPDATE_PROPOSAL,Barcode,41520,INV-20260131-00266B1F,tag,new,sold,Status mismatch on INV-20260131-00266B1F,Barcode: ASIT-20260127-0081
2026-02-04T16:24:00.380531,UPDATE_PROPOSAL,Barcode,41522,INV-20260131-00266B1F,tag,new,sold,Status mismatch on INV-20260131-00266B1F,Barcode: ASIT-20260127-0083
2026-02-04T16:24:00.380565,UPDATE_PROPOSAL,Barcode,41515,INV-20260131-00266B1F,tag,new,sold,Status mismatch on INV-20260131-00266B1F,Barcode: ASIT-20260127-0076
2026-02-04T16:24:00.380598,UPDATE_PROPOSAL,Barcode,41521,INV-20260131-00266B1F,tag,new,sold,Status mismatch on INV-20260131-00266B1F,Barcode: ASIT-20260127-0082
2026-02-04T16:24:00.380646,UPDATE_PROPOSAL,Barcode,41527,INV-20260131-00266B1F,tag,new,sold,Status mismatch on INV-20260131-00266B1F,Barcode: ASIT-20260127-0088
2026-02-04T16:24:00.380679,UPDATE_PROPOSAL,Barcode,41516,INV-20260131-00266B1F,tag,new,sold,Status mismatch on INV-20260131-00266B1F,Barcode: ASIT-20260127-0077
2026-02-04T16:24:00.380713,UPDATE_PROPOSAL,Barcode,41535,INV-20260131-00266B1F,tag,new,sold,Status mismatch on INV-20260131-00266B1F,Barcode: ASIT-20260127-0096
2026-02-04T16:24:00.380748,UPDATE_PROPOSAL,Barcode,41519,INV-20260131-00266B1F,tag,new,sold,Status mismatch on INV-20260131-00266B1F,Barcode: ASIT-20260127-0080
2026-02-04T16:24:00.380781,UPDATE_PROPOSAL,Barcode,41536,INV-20260131-00266B1F,tag,new,sold,Status mismatch on INV-20260131-00266B1F,Barcode: ASIT-20260127-0097
2026-02-04T16:24:00.380815,UPDATE_PROPOSAL,Barcode,41523,INV-20260131-00266B1F,tag,new,sold,Status mismatch on INV-20260131-00266B1F,Barcode: ASIT-20260127-0084
2026-02-04T16:24:00.380848,UPDATE_PROPOSAL,Barcode,41525,INV-20260131-00266B1F,tag,new,sold,Status mismatch on INV-20260131-00266B1F,Barcode: ASIT-20260127-0086
2026-02-04T16:24:00.380881,UPDATE_PROPOSAL,Barcode,41524,INV-20260131-00266B1F,tag,new,sold,Status mismatch on INV-20260131-00266B1F,Barcode: ASIT-20260127-0085
2026-02-04T16:24:00.380914,UPDATE_PROPOSAL,Barcode,41526,INV-20260131-00266B1F,tag,new,sold,Status mismatch on INV-20260131-00266B1F,Barcode: ASIT-20260127-0087
2026-02-04T16:24:00.380951,UPDATE_PROPOSAL,Barcode,41542,INV-20260131-00266B1F,tag,new,sold,Status mismatch on INV-20260131-00266B1F,Barcode: ASIT-20260127-0103
2026-02-04T16:24:00.380985,UPDATE_PROPOSAL,Barcode,41551,INV-20260131-00266B1F,tag,new,sold,Status mismatch on INV-20260131-00266B1F,Barcode: ASIT-20260127-0112
2026-02-04T16:24:00.381020,UPDATE_PROPOSAL,Barcode,41547,INV-20260131-00266B1F,tag,new,sold,Status mismatch on INV-20260131-00266B1F,Barcode: ASIT-20260127-0108
2026-02-04T16:24:00.381054,UPDATE_PROPOSAL,Barcode,41548,INV-20260131-00266B1F,tag,new,sold,Status mismatch on INV-20260131-00266B1F,Barcode: ASIT-20260127-0109
2026-02-04T16:24:00.381088,UPDATE_PROPOSAL,Barcode,41518,INV-20260131-00266B1F,tag,new,sold,Status mismatch on INV-20260131-00266B1F,Barcode: ASIT-20260127-0079
2026-02-04T16:24:00.381140,UPDATE_PROPOSAL,Barcode,41454,INV-20260131-00266B1F,tag,new,sold,Status mismatch on INV-20260131-00266B1F,Barcode: ASIT-20260127-0015
2026-02-04T16:24:00.381175,UPDATE_PROPOSAL,Barcode,41549,INV-20260131-00266B1F,tag,new,sold,Status mismatch on INV-20260131-00266B1F,Barcode: ASIT-20260127-0110
2026-02-04T16:24:00.381209,UPDATE_PROPOSAL,Barcode,41456,INV-20260131-00266B1F,tag,new,sold,Status mismatch on INV-20260131-00266B1F,Barcode: ASIT-20260127-0017
2026-02-04T16:24:00.381243,UPDATE_PROPOSAL,Barcode,41441,INV-20260131-00266B1F,tag,new,sold,Status mismatch on INV-20260131-00266B1F,Barcode: ASIT-20260127-0002
2026-02-04T16:24:00.381277,UPDATE_PROPOSAL,Barcode,41442,INV-20260131-00266B1F,tag,new,sold,Status mismatch on INV-20260131-00266B1F,Barcode: ASIT-20260127-0003
2026-02-04T16:24:00.381310,UPDATE_PROPOSAL,Barcode,41440,INV-20260131-00266B1F,tag,new,sold,Status mismatch on INV-20260131-00266B1F,Barcode: ASIT-20260127-0001
2026-02-04T16:24:00.381355,UPDATE_PROPOSAL,Barcode,41446,INV-20260131-00266B1F,tag,new,sold,Status mismatch on INV-20260131-00266B1F,Barcode: ASIT-20260127-0007
2026-02-04T16:24:00.381397,UPDATE_PROPOSAL,Barcode,41453,INV-20260131-00266B1F,tag,new,sold,Status mismatch on INV-20260131-00266B1F,Barcode: ASIT-20260127-0014
2026-02-04T16:24:00.381432,UPDATE_PROPOSAL,Barcode,41451,INV-20260131-00266B1F,tag,new,sold,Status mismatch on INV-20260131-00266B1F,Barcode: ASIT-20260127-0012
2026-02-04T16:24:00.381466,UPDATE_PROPOSAL,Barcode,41452,INV-20260131-00266B1F,tag,new,sold,Status mismatch on INV-20260131-00266B1F,Barcode: ASIT-20260127-0013
2026-02-04T16:24:00.381500,UPDATE_PROPOSAL,Barcode,41445,INV-20260131-00266B1F,tag,new,sold,Status mismatch on INV-20260131-00266B1F,Barcode: ASIT-20260127-0006
2026-02-04T16:24:00.381534,UPDATE_PROPOSAL,Barcode,41447,INV-20260131-00266B1F,tag,new,sold,Status mismatch on INV-20260131-00266B1F,Barcode: ASIT-20260127-0008
2026-02-04T16:24:00.386923,DELETE_PROPOSAL,InvoiceItem,1684,INV-20260131-89556465,ALL,"Product: FOLDER OPPO A57 NEW/C35 PESTING, Barcode: FOLD-20260129-0302",NONE,Structural mismatch in INV-20260131-89556465,
2026-02-04T16:24:00.388866,DELETE_PROPOSAL,InvoiceItem,1685,INV-20260131-89556465,ALL,"Product: FOLDER NORD CE2/RM 9 PRO+/F21 PRO TFT PESTING, Barcode: FOLD-20260109-0019",NONE,Structural mismatch in INV-20260131-89556465,
2026-02-04T16:24:00.390716,DELETE_PROPOSAL,InvoiceItem,1686,INV-20260131-89556465,ALL,"Product: FOLDER REALME C30/C30S/C33 PESTING, Barcode: FOLD-20260113-0005-1",NONE,Structural mismatch in INV-20260131-89556465,
2026-02-04T16:24:00.392467,DELETE_PROPOSAL,InvoiceItem,1687,INV-20260131-89556465,ALL,"Product: FOLDER REALME C30/C30S/C33 PESTING, Barcode: FOLD-20260113-0004-1",NONE,Structural mismatch in INV-20260131-89556465,
2026-02-04T16:24:00.394112,DELETE_PROPOSAL,InvoiceItem,1688,INV-20260131-89556465,ALL,"Product: FOLDER REALME C20/C21/NARZO 50I PESTING, Barcode: FOLD-20260117-0033-1",NONE,Structural mismatch in INV-20260131-89556465,
2026-02-04T16:24:00.395871,DELETE_PROPOSAL,InvoiceItem,1690,INV-20260131-89556465,ALL,"Product: FOLDER REALME 8I/CE2 LITE/9 PRO/A96 PESTING, Barcode: FOLD-20260118-0022-1",NONE,Structural mismatch in INV-20260131-89556465,
2026-02-04T16:24:00.397487,DELETE_PROPOSAL,InvoiceItem,1691,INV-20260131-89556465,ALL,"Product: FOLDER REALME 8I/CE2 LITE/9 PRO/A96 PESTING, Barcode: FOLD-20260118-0021-1",NONE,Structural mismatch in INV-20260131-89556465,
2026-02-04T16:24:00.399188,DELETE_PROPOSAL,InvoiceItem,1692,INV-20260131-89556465,ALL,"Product: FOLDER REALME 8I/CE2 LITE/9 PRO/A96 PESTING, Barcode: FOLD-20260118-0023-1",NONE,Structural mismatch in INV-20260131-89556465,
2026-02-04T16:24:00.400867,DELETE_PROPOSAL,InvoiceItem,1693,INV-20260131-89556465,ALL,"Product: FOLDER REALME 8I/CE2 LITE/9 PRO/A96 PESTING, Barcode: FOLD-20260118-0024-1",NONE,Structural mismatch in INV-20260131-89556465,
2026-02-04T16:24:00.402615,DELETE_PROPOSAL,InvoiceItem,1694,INV-20260131-89556465,ALL,"Product: FOLDER REALME 8I/CE2 LITE/9 PRO/A96 PESTING, Barcode: FOLD-20260118-0025-1",NONE,Structural mismatch in INV-20260131-89556465,
2026-02-04T16:24:00.404344,DELETE_PROPOSAL,InvoiceItem,1695,INV-20260131-89556465,ALL,"Product: FOLDER REALME 8I/CE2 LITE/9 PRO/A96 PESTING, Barcode: FOLD-20260118-0026-1",NONE,Structural mismatch in INV-20260131-89556465,
2026-02-04T16:24:00.405929,DELETE_PROPOSAL,InvoiceItem,1696,INV-20260131-89556465,ALL,"Product: FOLDER REALME 8I/CE2 LITE/9 PRO/A96 PESTING, Barcode: FOLD-20260118-0027-1",NONE,Structural mismatch in INV-20260131-89556465,
2026-02-04T16:24:00.407621,DELETE_PROPOSAL,InvoiceItem,1697,INV-20260131-89556465,ALL,"Product: FOLDER REALME 8I/CE2 LITE/9 PRO/A96 PESTING, Barcode: FOLD-20260118-0028-1",NONE,Structural mismatch in INV-20260131-89556465,
2026-02-04T16:24:00.409214,DELETE_PROPOSAL,InvoiceItem,1698,INV-20260131-89556465,ALL,"Product: FOLDER REALME 8I/CE2 LITE/9 PRO/A96 PESTING, Barcode: FOLD-20260118-0029-1",NONE,Structural mismatch in INV-20260131-89556465,
2026-02-04T16:24:00.410768,DELETE_PROPOSAL,InvoiceItem,1699,INV-20260131-89556465,ALL,"Product: FOLDER REALME 8I/CE2 LITE/9 PRO/A96 PESTING, Barcode: FOLD-20260118-0030-1",NONE,Structural mismatch in INV-20260131-89556465,
2026-02-04T16:24:00.412304,CREATE_PROPOSAL,InvoiceItem,NEW,INV-20260131-89556465,barcode,NONE,FOLD-20260129-0302,Structural repair for INV-20260131-89556465,"Product: FOLDER OPPO A57 NEW/C35 PESTING, SKU: FOLD-20260124-DA730393"
2026-02-04T16:24:00.413930,CREATE_PROPOSAL,InvoiceItem,NEW,INV-20260131-89556465,barcode,NONE,FOLD-20260109-0019,Structural repair for INV-20260131-89556465,"Product: FOLDER NORD CE2/RM 9 PRO+/F21 PRO TFT PESTING, SKU: FOLD-20260124-C9516C63"
2026-02-04T16:24:00.415402,CREATE_PROPOSAL,InvoiceItem,NEW,INV-20260131-89556465,barcode,NONE,FOLD-20260113-0005-1,Structural repair for INV-20260131-89556465,"Product: FOLDER REALME C30/C30S/C33 PESTING, SKU: FOLD-20260124-49165BF3"
2026-02-04T16:24:00.415460,CREATE_PROPOSAL,InvoiceItem,NEW,INV-20260131-89556465,barcode,NONE,FOLD-20260113-0004-1,Structural repair for INV-20260131-89556465,"Product: FOLDER REALME C30/C30S/C33 PESTING, SKU: FOLD-20260124-49165BF3"
2026-02-04T16:24:00.416910,CREATE_PROPOSAL,InvoiceItem,NEW,INV-20260131-89556465,barcode,NONE,FOLD-20260117-0033-1,Structural repair for INV-20260131-89556465,"Product: FOLDER REALME C20/C21/NARZO 50I PESTING, SKU: FOLD-20260124-2D9A1288"
2026-02-04T16:24:00.416964,CREATE_PROPOSAL,InvoiceItem,NEW,INV-20260131-89556465,barcode,NONE,FOLD-20260117-0039-1,Structural repair for INV-20260131-89556465,"Product: FOLDER REALME C20/C21/NARZO 50I PESTING, SKU: FOLD-20260124-2D9A1288"
2026-02-04T16:24:00.418540,CREATE_PROPOSAL,InvoiceItem,NEW,INV-20260131-89556465,barcode,NONE,FOLD-20260118-0022-1,Structural repair for INV-20260131-89556465,"Product: FOLDER REALME 8I/CE2 LITE/9 PRO/A96 PESTING, SKU: FOLD-20260124-669F4063"
2026-02-04T16:24:00.418614,CREATE_PROPOSAL,InvoiceItem,NEW,INV-20260131-89556465,barcode,NONE,FOLD-20260118-0021-1,Structural repair for INV-20260131-89556465,"Product: FOLDER REALME 8I/CE2 LITE/9 PRO/A96 PESTING, SKU: FOLD-20260124-669F4063"
2026-02-04T16:24:00.418652,CREATE_PROPOSAL,InvoiceItem,NEW,INV-20260131-89556465,barcode,NONE,FOLD-20260118-0023-1,Structural repair for INV-20260131-89556465,"Product: FOLDER REALME 8I/CE2 LITE/9 PRO/A96 PESTING, SKU: FOLD-20260124-669F4063"
2026-02-04T16:24:00.418692,CREATE_PROPOSAL,InvoiceItem,NEW,INV-20260131-89556465,barcode,NONE,FOLD-20260118-0024-1,Structural repair for INV-20260131-89556465,"Product: FOLDER REALME 8I/CE2 LITE/9 PRO/A96 PESTING, SKU: FOLD-20260124-669F4063"
2026-02-04T16:24:00.418723,CREATE_PROPOSAL,InvoiceItem,NEW,INV-20260131-89556465,barcode,NONE,FOLD-20260118-0025-1,Structural repair for INV-20260131-89556465,"Product: FOLDER REALME 8I/CE2 LITE/9 PRO/A96 PESTING, SKU: FOLD-20260124-669F4063"
2026-02-04T16:24:00.418754,CREATE_PROPOSAL,InvoiceItem,NEW,INV-20260131-89556465,barcode,NONE,FOLD-20260118-0026-1,Structural repair for INV-20260131-89556465,"Product: FOLDER REALME 8I/CE2 LITE/9 PRO/A96 PESTING, SKU: FOLD-20260124-669F4063"
2026-02-04T16:24:00.418783,CREATE_PROPOSAL,InvoiceItem,NEW,INV-20260131-89556465,barcode,NONE,FOLD-20260118-0027-1,Structural repair for INV-20260131-89556465,"Product: FOLDER REALME 8I/CE2 LITE/9 PRO/A96 PESTING, SKU: FOLD-20260124-669F4063"
2026-02-04T16:24:00.418814,CREATE_PROPOSAL,InvoiceItem,NEW,INV-20260131-89556465,barcode,NONE,FOLD-20260118-0028-1,Structural repair for INV-20260131-89556465,"Product: FOLDER REALME 8I/CE2 LITE/9 PRO/A96 PESTING, SKU: FOLD-20260124-669F4063"
2026-02-04T16:24:00.418843,CREATE_PROPOSAL,InvoiceItem,NEW,INV-20260131-89556465,barcode,NONE,FOLD-20260118-0029-1,Structural repair for INV-20260131-89556465,"Product: FOLDER REALME 8I/CE2 LITE/9 PRO/A96 PESTING, SKU: FOLD-20260124-669F4063"
2026-02-04T16:24:00.418874,CREATE_PROPOSAL,InvoiceItem,NEW,INV-20260131-89556465,barcode,NONE,FOLD-20260118-0030-1,Structural repair for INV-20260131-89556465,"Product: FOLDER REALME 8I/CE2 LITE/9 PRO/A96 PESTING, SKU: FOLD-20260124-669F4063"
2026-02-04T16:24:00.420598,DELETE_PROPOSAL,InvoiceItem,1682,INV-20260131-953ECC15,ALL,"Product: FOLDER REALME C11/A15/A16/C12/C15 PESTING, Barcode: FOLD-20260118-0086",NONE,Structural mismatch in INV-20260131-953ECC15,
2026-02-04T16:24:00.422183,DELETE_PROPOSAL,InvoiceItem,1683,INV-20260131-953ECC15,ALL,"Product: FOLDER VIVO Y91/Y93/Y95 PESTING, Barcode: FOLD-20260120-0030-1",NONE,Structural mismatch in INV-20260131-953ECC15,
2026-02-04T16:24:00.424038,CREATE_PROPOSAL,InvoiceItem,NEW,INV-20260131-953ECC15,barcode,NONE,FOLD-20260118-0086,Structural repair for INV-20260131-953ECC15,"Product: FOLDER REALME C11/A15/A16/C12/C15 PESTING, SKU: C11-20251225-AA8C5C88"
2026-02-04T16:24:00.425638,CREATE_PROPOSAL,InvoiceItem,NEW,INV-20260131-953ECC15,barcode,NONE,FOLD-20260120-0030-1,Structural repair for INV-20260131-953ECC15,"Product: FOLDER VIVO Y91/Y93/Y95 PESTING, SKU: Y93-20251225-E9D58EE7"
2026-02-04T16:24:00.427142,CREATE_PROPOSAL,InvoiceItem,NEW,INV-20260131-953ECC15,barcode,NONE,BTP-20260129-0004-42,Structural repair for INV-20260131-953ECC15,"Product: BT P+ BN5X/REDMI 14C/A4 5G/POCO C75, SKU: BTP-20251227-C70C0259"
2026-02-04T16:24:00.429886,CREATE_PROPOSAL,InvoiceItem,NEW,INV-20260130-DF884944,barcode,NONE,OCA-20260115-0013-104,Structural repair for INV-20260130-DF884944,"Product: OCA GLASS SAMSUNG A33 5G, SKU: OCA-20251230-1FD06A97"
2026-02-04T16:24:00.429943,CREATE_PROPOSAL,InvoiceItem,NEW,INV-20260130-DF884944,barcode,NONE,OCA-20260115-0012-104,Structural repair for INV-20260130-DF884944,"Product: OCA GLASS SAMSUNG A33 5G, SKU: OCA-20251230-1FD06A97"
2026-02-04T16:24:00.429979,CREATE_PROPOSAL,InvoiceItem,NEW,INV-20260130-DF884944,barcode,NONE,OCA-20260115-0011-104,Structural repair for INV-20260130-DF884944,"Product: OCA GLASS SAMSUNG A33 5G, SKU: OCA-20251230-1FD06A97"
2026-02-04T16:24:00.430011,CREATE_PROPOSAL,InvoiceItem,NEW,INV-20260130-DF884944,barcode,NONE,OCA-20260115-0009-139,Structural repair for INV-20260130-DF884944,"Product: OCA GLASS SAMSUNG A33 5G, SKU: OCA-20251230-1FD06A97"
2026-02-04T16:24:00.430042,CREATE_PROPOSAL,InvoiceItem,NEW,INV-20260130-DF884944,barcode,NONE,OCA-20260115-0008-140,Structural repair for INV-20260130-DF884944,"Product: OCA GLASS SAMSUNG A33 5G, SKU: OCA-20251230-1FD06A97"
2026-02-04T16:24:00.430080,CREATE_PROPOSAL,InvoiceItem,NEW,INV-20260130-DF884944,barcode,NONE,OCA-20260115-0007-140,Structural repair for INV-20260130-DF884944,"Product: OCA GLASS SAMSUNG A33 5G, SKU: OCA-20251230-1FD06A97"
2026-02-04T16:24:00.430110,CREATE_PROPOSAL,InvoiceItem,NEW,INV-20260130-DF884944,barcode,NONE,OCA-20260115-0006-140,Structural repair for INV-20260130-DF884944,"Product: OCA GLASS SAMSUNG A33 5G, SKU: OCA-20251230-1FD06A97"
2026-02-04T16:24:00.430140,CREATE_PROPOSAL,InvoiceItem,NEW,INV-20260130-DF884944,barcode,NONE,OCA-20260115-0005-140,Structural repair for INV-20260130-DF884944,"Product: OCA GLASS SAMSUNG A33 5G, SKU: OCA-20251230-1FD06A97"
2026-02-04T16:24:00.430171,CREATE_PROPOSAL,InvoiceItem,NEW,INV-20260130-DF884944,barcode,NONE,OCA-20260115-0004-140,Structural repair for INV-20260130-DF884944,"Product: OCA GLASS SAMSUNG A33 5G, SKU: OCA-20251230-1FD06A97"
2026-02-04T16:24:00.430201,CREATE_PROPOSAL,InvoiceItem,NEW,INV-20260130-DF884944,barcode,NONE,OCA-20260115-0003-140,Structural repair for INV-20260130-DF884944,"Product: OCA GLASS SAMSUNG A33 5G, SKU: OCA-20251230-1FD06A97"
2026-02-04T16:24:00.430232,CREATE_PROPOSAL,InvoiceItem,NEW,INV-20260130-DF884944,barcode,NONE,OCA-20260115-0002-140,Structural repair for INV-20260130-DF884944,"Product: OCA GLASS SAMSUNG A33 5G, SKU: OCA-20251230-1FD06A97"
2026-02-04T16:24:00.430265,CREATE_PROPOSAL,InvoiceItem,NEW,INV-20260130-DF884944,barcode,NONE,OCA-20260115-0001-140,Structural repair for INV-20260130-DF884944,"Product: OCA GLASS SAMSUNG A33 5G, SKU: OCA-20251230-1FD06A97"
2026-02-04T16:24:00.430296,CREATE_PROPOSAL,InvoiceItem,NEW,INV-20260130-DF884944,barcode,NONE,OCA-20260115-0010-139,Structural repair for INV-20260130-DF884944,"Product: OCA GLASS SAMSUNG A33 5G, SKU: OCA-20251230-1FD06A97"
2026-02-04T16:24:00.431887,CREATE_PROPOSAL,InvoiceItem,NEW,INV-20260130-DF884944,barcode,NONE,OCA-20260115-0013-133,Structural repair for INV-20260130-DF884944,"Product: OCA GLASS SAMSUNG J4 BLACK, SKU: OCA-20251229-F0B65C5B"
2026-02-04T16:24:00.431943,CREATE_PROPOSAL,InvoiceItem,NEW,INV-20260130-DF884944,barcode,NONE,OCA-20260115-0012-133,Structural repair for INV-20260130-DF884944,"Product: OCA GLASS SAMSUNG J4 BLACK, SKU: OCA-20251229-F0B65C5B"
2026-02-04T16:24:00.431977,CREATE_PROPOSAL,InvoiceItem,NEW,INV-20260130-DF884944,barcode,NONE,OCA-20260115-0011-133,Structural repair for INV-20260130-DF884944,"Product: OCA GLASS SAMSUNG J4 BLACK, SKU: OCA-20251229-F0B65C5B"
2026-02-04T16:24:00.432010,CREATE_PROPOSAL,InvoiceItem,NEW,INV-20260130-DF884944,barcode,NONE,OCA-20260115-0010-175,Structural repair for INV-20260130-DF884944,"Product: OCA GLASS SAMSUNG J4 BLACK, SKU: OCA-20251229-F0B65C5B"
2026-02-04T16:24:00.432040,CREATE_PROPOSAL,InvoiceItem,NEW,INV-20260130-DF884944,barcode,NONE,OCA-20260115-0009-175,Structural repair for INV-20260130-DF884944,"Product: OCA GLASS SAMSUNG J4 BLACK, SKU: OCA-20251229-F0B65C5B"
2026-02-04T16:24:00.432071,CREATE_PROPOSAL,InvoiceItem,NEW,INV-20260130-DF884944,barcode,NONE,OCA-20260115-0008-176,Structural repair for INV-20260130-DF884944,"Product: OCA GLASS SAMSUNG J4 BLACK, SKU: OCA-20251229-F0B65C5B"
2026-02-04T16:24:00.432101,CREATE_PROPOSAL,InvoiceItem,NEW,INV-20260130-DF884944,barcode,NONE,OCA-20260115-0007-176,Structural repair for INV-20260130-DF884944,"Product: OCA GLASS SAMSUNG J4 BLACK, SKU: OCA-20251229-F0B65C5B"
2026-02-04T16:24:00.432132,CREATE_PROPOSAL,InvoiceItem,NEW,INV-20260130-DF884944,barcode,NONE,OCA-20260115-0006-176,Structural repair for INV-20260130-DF884944,"Product: OCA GLASS SAMSUNG J4 BLACK, SKU: OCA-20251229-F0B65C5B"
2026-02-04T16:24:00.432162,CREATE_PROPOSAL,InvoiceItem,NEW,INV-20260130-DF884944,barcode,NONE,OCA-20260115-0005-176,Structural repair for INV-20260130-DF884944,"Product: OCA GLASS SAMSUNG J4 BLACK, SKU: OCA-20251229-F0B65C5B"
2026-02-04T16:24:00.432192,CREATE_PROPOSAL,InvoiceItem,NEW,INV-20260130-DF884944,barcode,NONE,OCA-20260115-0004-176,Structural repair for INV-20260130-DF884944,"Product: OCA GLASS SAMSUNG J4 BLACK, SKU: OCA-20251229-F0B65C5B"
2026-02-04T16:24:00.432229,CREATE_PROPOSAL,InvoiceItem,NEW,INV-20260130-DF884944,barcode,NONE,OCA-20260115-0003-176,Structural repair for INV-20260130-DF884944,"Product: OCA GLASS SAMSUNG J4 BLACK, SKU: OCA-20251229-F0B65C5B"
2026-02-04T16:24:00.432259,CREATE_PROPOSAL,InvoiceItem,NEW,INV-20260130-DF884944,barcode,NONE,OCA-20260115-0002-176,Structural repair for INV-20260130-DF884944,"Product: OCA GLASS SAMSUNG J4 BLACK, SKU: OCA-20251229-F0B65C5B"
2026-02-04T16:24:00.432289,CREATE_PROPOSAL,InvoiceItem,NEW,INV-20260130-DF884944,barcode,NONE,OCA-20260115-0001-176,Structural repair for INV-20260130-DF884944,"Product: OCA GLASS SAMSUNG J4 BLACK, SKU: OCA-20251229-F0B65C5B"
2026-02-04T16:24:00.433846,CREATE_PROPOSAL,InvoiceItem,NEW,INV-20260130-DF884944,barcode,NONE,TOUC-20260114-0270,Structural repair for INV-20260130-DF884944,"Product: TOUCH SAMSUNG J215 GOLD, SKU: TOUC-20260113-8D9CA59E"
2026-02-04T16:24:00.433900,CREATE_PROPOSAL,InvoiceItem,NEW,INV-20260130-DF884944,barcode,NONE,TOUC-20260114-0269,Structural repair for INV-20260130-DF884944,"Product: TOUCH SAMSUNG J215 GOLD, SKU: TOUC-20260113-8D9CA59E"
2026-02-04T16:24:00.433934,CREATE_PROPOSAL,InvoiceItem,NEW,INV-20260130-DF884944,barcode,NONE,TOUC-20260114-0268,Structural repair for INV-20260130-DF884944,"Product: TOUCH SAMSUNG J215 GOLD, SKU: TOUC-20260113-8D9CA59E"
2026-02-04T16:24:00.433966,CREATE_PROPOSAL,InvoiceItem,NEW,INV-20260130-DF884944,barcode,NONE,TOUC-20260114-0267,Structural repair for INV-20260130-DF884944,"Product: TOUCH SAMSUNG J215 GOLD, SKU: TOUC-20260113-8D9CA59E"
2026-02-04T16:24:00.433997,CREATE_PROPOSAL,InvoiceItem,NEW,INV-20260130-DF884944,barcode,NONE,TOUC-20260114-0266,Structural repair for INV-20260130-DF884944,"Product: TOUCH SAMSUNG J215 GOLD, SKU: TOUC-20260113-8D9CA59E"
2026-02-04T16:24:00.434027,CREATE_PROPOSAL,InvoiceItem,NEW,INV-20260130-DF884944,barcode,NONE,TOUC-20260114-0265,Structural repair for INV-20260130-DF884944,"Product: TOUCH SAMSUNG J215 GOLD, SKU: TOUC-20260113-8D9CA59E"
2026-02-04T16:24:00.434057,CREATE_PROPOSAL,InvoiceItem,NEW,INV-20260130-DF884944,barcode,NONE,TOUC-20260114-0264,Structural repair for INV-20260130-DF884944,"Product: TOUCH SAMSUNG J215 GOLD, SKU: TOUC-20260113-8D9CA59E"
2026-02-04T16:24:00.434086,CREATE_PROPOSAL,InvoiceItem,NEW,INV-20260130-DF884944,barcode,NONE,TOUC-20260114-0263,Structural repair for INV-20260130-DF884944,"Product: TOUCH SAMSUNG J215 GOLD, SKU: TOUC-20260113-8D9CA59E"
2026-02-04T16:24:00.434116,CREATE_PROPOSAL,InvoiceItem,NEW,INV-20260130-DF884944,barcode,NONE,TOUC-20260114-0262,Structural repair for INV-20260130-DF884944,"Product: TOUCH SAMSUNG J215 GOLD, SKU: TOUC-20260113-8D9CA59E"
2026-02-04T16:24:00.434146,CREATE_PROPOSAL,InvoiceItem,NEW,INV-20260130-DF884944,barcode,NONE,TOUC-20260114-0261,Structural repair for INV-20260130-DF884944,"Product: TOUCH SAMSUNG J215 GOLD, SKU: TOUC-20260113-8D9CA59E"
2026-02-04T16:24:00.434176,CREATE_PROPOSAL,InvoiceItem,NEW,INV-20260130-DF884944,barcode,NONE,TOUC-20260114-0260,Structural repair for INV-20260130-DF884944,"Product: TOUCH SAMSUNG J215 GOLD, SKU: TOUC-20260113-8D9CA59E"
2026-02-04T16:24:00.434211,CREATE_PROPOSAL,InvoiceItem,NEW,INV-20260130-DF884944,barcode,NONE,TOUC-20260114-0259,Structural repair for INV-20260130-DF884944,"Product: TOUCH SAMSUNG J215 GOLD, SKU: TOUC-20260113-8D9CA59E"
2026-02-04T16:24:00.434243,CREATE_PROPOSAL,InvoiceItem,NEW,INV-20260130-DF884944,barcode,NONE,TOUC-20260114-0258,Structural repair for INV-20260130-DF884944,"Product: TOUCH SAMSUNG J215 GOLD, SKU: TOUC-20260113-8D9CA59E"
2026-02-04T16:24:00.434273,CREATE_PROPOSAL,InvoiceItem,NEW,INV-20260130-DF884944,barcode,NONE,TOUC-20260114-0257,Structural repair for INV-20260130-DF884944,"Product: TOUCH SAMSUNG J215 GOLD, SKU: TOUC-20260113-8D9CA59E"
2026-02-04T16:24:00.434302,CREATE_PROPOSAL,InvoiceItem,NEW,INV-20260130-DF884944,barcode,NONE,TOUC-20260114-0256,Structural repair for INV-20260130-DF884944,"Product: TOUCH SAMSUNG J215 GOLD, SKU: TOUC-20260113-8D9CA59E"
2026-02-04T16:24:00.434444,CREATE_PROPOSAL,InvoiceItem,NEW,INV-20260130-DF884944,barcode,NONE,TOUC-20260114-0255,Structural repair for INV-20260130-DF884944,"Product: TOUCH SAMSUNG J215 GOLD, SKU: TOUC-20260113-8D9CA59E"
2026-02-04T16:24:00.434493,CREATE_PROPOSAL,InvoiceItem,NEW,INV-20260130-DF884944,barcode,NONE,TOUC-20260114-0254,Structural repair for INV-20260130-DF884944,"Product: TOUCH SAMSUNG J215 GOLD, SKU: TOUC-20260113-8D9CA59E"
2026-02-04T16:24:00.434524,CREATE_PROPOSAL,InvoiceItem,NEW,INV-20260130-DF884944,barcode,NONE,TOUC-20260114-0253,Structural repair for INV-20260130-DF884944,"Product: TOUCH SAMSUNG J215 GOLD, SKU: TOUC-20260113-8D9CA59E"
2026-02-04T16:24:00.434554,CREATE_PROPOSAL,InvoiceItem,NEW,INV-20260130-DF884944,barcode,NONE,TOUC-20260114-0252,Structural repair for INV-20260130-DF884944,"Product: TOUCH SAMSUNG J215 GOLD, SKU: TOUC-20260113-8D9CA59E"
2026-02-04T16:24:00.434584,CREATE_PROPOSAL,InvoiceItem,NEW,INV-20260130-DF884944,barcode,NONE,TOUC-20260114-0251,Structural repair for INV-20260130-DF884944,"Product: TOUCH SAMSUNG J215 GOLD, SKU: TOUC-20260113-8D9CA59E"
2026-02-04T16:24:00.434613,CREATE_PROPOSAL,InvoiceItem,NEW,INV-20260130-DF884944,barcode,NONE,TOUC-20260114-0250,Structural repair for INV-20260130-DF884944,"Product: TOUCH SAMSUNG J215 GOLD, SKU: TOUC-20260113-8D9CA59E"
2026-02-04T16:24:00.434643,CREATE_PROPOSAL,InvoiceItem,NEW,INV-20260130-DF884944,barcode,NONE,TOUC-20260114-0249,Structural repair for INV-20260130-DF884944,"Product: TOUCH SAMSUNG J215 GOLD, SKU: TOUC-20260113-8D9CA59E"
2026-02-04T16:24:00.434673,CREATE_PROPOSAL,InvoiceItem,NEW,INV-20260130-DF884944,barcode,NONE,TOUC-20260114-0248,Structural repair for INV-20260130-DF884944,"Product: TOUCH SAMSUNG J215 GOLD, SKU: TOUC-20260113-8D9CA59E"
2026-02-04T16:24:00.434702,CREATE_PROPOSAL,InvoiceItem,NEW,INV-20260130-DF884944,barcode,NONE,TOUC-20260114-0247,Structural repair for INV-20260130-DF884944,"Product: TOUCH SAMSUNG J215 GOLD, SKU: TOUC-20260113-8D9CA59E"
2026-02-04T16:24:00.434732,CREATE_PROPOSAL,InvoiceItem,NEW,INV-20260130-DF884944,barcode,NONE,TOUC-20260114-0246,Structural repair for INV-20260130-DF884944,"Product: TOUCH SAMSUNG J215 GOLD, SKU: TOUC-20260113-8D9CA59E"
2026-02-04T16:24:00.434763,CREATE_PROPOSAL,InvoiceItem,NEW,INV-20260130-DF884944,barcode,NONE,TOUC-20260114-0245,Structural repair for INV-20260130-DF884944,"Product: TOUCH SAMSUNG J215 GOLD, SKU: TOUC-20260113-8D9CA59E"
2026-02-04T16:24:00.434793,CREATE_PROPOSAL,InvoiceItem,NEW,INV-20260130-DF884944,barcode,NONE,TOUC-20260114-0243,Structural repair for INV-20260130-DF884944,"Product: TOUCH SAMSUNG J215 GOLD, SKU: TOUC-20260113-8D9CA59E"
2026-02-04T16:24:00.434822,CREATE_PROPOSAL,InvoiceItem,NEW,INV-20260130-DF884944,barcode,NONE,TOUC-20260114-0242,Structural repair for INV-20260130-DF884944,"Product: TOUCH SAMSUNG J215 GOLD, SKU: TOUC-20260113-8D9CA59E"
2026-02-04T16:24:00.434852,CREATE_PROPOSAL,InvoiceItem,NEW,INV-20260130-DF884944,barcode,NONE,TOUC-20260114-0241,Structural repair for INV-20260130-DF884944,"Product: TOUCH SAMSUNG J215 GOLD, SKU: TOUC-20260113-8D9CA59E"
2026-02-04T16:24:00.434883,CREATE_PROPOSAL,InvoiceItem,NEW,INV-20260130-DF884944,barcode,NONE,TOUC-20260114-0244,Structural repair for INV-20260130-DF884944,"Product: TOUCH SAMSUNG J215 GOLD, SKU: TOUC-20260113-8D9CA59E"
2026-02-04T16:24:00.436512,CREATE_PROPOSAL,InvoiceItem,NEW,INV-20260130-DF884944,barcode,NONE,OCA-20260116-0074,Structural repair for INV-20260130-DF884944,"Product: OCA GLASS SAMSUNG M20, SKU: OCA-20251230-E8CD9A9B"
2026-02-04T16:24:00.436571,CREATE_PROPOSAL,InvoiceItem,NEW,INV-20260130-DF884944,barcode,NONE,OCA-20260116-0075,Structural repair for INV-20260130-DF884944,"Product: OCA GLASS SAMSUNG M20, SKU: OCA-20251230-E8CD9A9B"
2026-02-04T16:24:00.436613,CREATE_PROPOSAL,InvoiceItem,NEW,INV-20260130-DF884944,barcode,NONE,OCA-20260116-0081,Structural repair for INV-20260130-DF884944,"Product: OCA GLASS SAMSUNG M20, SKU: OCA-20251230-E8CD9A9B"
2026-02-04T16:24:00.436646,CREATE_PROPOSAL,InvoiceItem,NEW,INV-20260130-DF884944,barcode,NONE,OCA-20260116-0080,Structural repair for INV-20260130-DF884944,"Product: OCA GLASS SAMSUNG M20, SKU: OCA-20251230-E8CD9A9B"
2026-02-04T16:24:00.436685,CREATE_PROPOSAL,InvoiceItem,NEW,INV-20260130-DF884944,barcode,NONE,OCA-20260116-0079,Structural repair for INV-20260130-DF884944,"Product: OCA GLASS SAMSUNG M20, SKU: OCA-20251230-E8CD9A9B"
2026-02-04T16:24:00.436720,CREATE_PROPOSAL,InvoiceItem,NEW,INV-20260130-DF884944,barcode,NONE,OCA-20260116-0078,Structural repair for INV-20260130-DF884944,"Product: OCA GLASS SAMSUNG M20, SKU: OCA-20251230-E8CD9A9B"
2026-02-04T16:24:00.436750,CREATE_PROPOSAL,InvoiceItem,NEW,INV-20260130-DF884944,barcode,NONE,OCA-20260116-0077,Structural repair for INV-20260130-DF884944,"Product: OCA GLASS SAMSUNG M20, SKU: OCA-20251230-E8CD9A9B"
2026-02-04T16:24:00.436783,CREATE_PROPOSAL,InvoiceItem,NEW,INV-20260130-DF884944,barcode,NONE,OCA-20260116-0076,Structural repair for INV-20260130-DF884944,"Product: OCA GLASS SAMSUNG M20, SKU: OCA-20251230-E8CD9A9B"
2026-02-04T16:24:00.438494,CREATE_PROPOSAL,InvoiceItem,NEW,INV-20260130-DF884944,barcode,NONE,OCA-20260115-0006-122,Structural repair for INV-20260130-DF884944,"Product: OCA GLASS A52/REALME 6, SKU: OCA-20251230-A9D5A27A"
2026-02-04T16:24:00.438558,CREATE_PROPOSAL,InvoiceItem,NEW,INV-20260130-DF884944,barcode,NONE,OCA-20260115-0005-122,Structural repair for INV-20260130-DF884944,"Product: OCA GLASS A52/REALME 6, SKU: OCA-20251230-A9D5A27A"
2026-02-04T16:24:00.438594,CREATE_PROPOSAL,InvoiceItem,NEW,INV-20260130-DF884944,barcode,NONE,OCA-20260115-0004-122,Structural repair for INV-20260130-DF884944,"Product: OCA GLASS A52/REALME 6, SKU: OCA-20251230-A9D5A27A"
2026-02-04T16:24:00.438626,CREATE_PROPOSAL,InvoiceItem,NEW,INV-20260130-DF884944,barcode,NONE,OCA-20260115-0003-122,Structural repair for INV-20260130-DF884944,"Product: OCA GLASS A52/REALME 6, SKU: OCA-20251230-A9D5A27A"
2026-02-04T16:24:00.438657,CREATE_PROPOSAL,InvoiceItem,NEW,INV-20260130-DF884944,barcode,NONE,OCA-20260115-0002-122,Structural repair for INV-20260130-DF884944,"Product: OCA GLASS A52/REALME 6, SKU: OCA-20251230-A9D5A27A"
2026-02-04T16:24:00.438687,CREATE_PROPOSAL,InvoiceItem,NEW,INV-20260130-DF884944,barcode,NONE,OCA-20260115-0001-122,Structural repair for INV-20260130-DF884944,"Product: OCA GLASS A52/REALME 6, SKU: OCA-20251230-A9D5A27A"
2026-02-04T16:24:00.440257,CREATE_PROPOSAL,InvoiceItem,NEW,INV-20260130-DF884944,barcode,NONE,OCA-20260115-0060-22,Structural repair for INV-20260130-DF884944,"Product: OCA GLASS SAMSUNG A260/A2CORE, SKU: OCA-20251230-7E4F3030"
2026-02-04T16:24:00.440309,CREATE_PROPOSAL,InvoiceItem,NEW,INV-20260130-DF884944,barcode,NONE,OCA-20260115-0059-22,Structural repair for INV-20260130-DF884944,"Product: OCA GLASS SAMSUNG A260/A2CORE, SKU: OCA-20251230-7E4F3030"
2026-02-04T16:24:00.440344,CREATE_PROPOSAL,InvoiceItem,NEW,INV-20260130-DF884944,barcode,NONE,OCA-20260115-0058-23,Structural repair for INV-20260130-DF884944,"Product: OCA GLASS SAMSUNG A260/A2CORE, SKU: OCA-20251230-7E4F3030"
2026-02-04T16:24:00.440375,CREATE_PROPOSAL,InvoiceItem,NEW,INV-20260130-DF884944,barcode,NONE,OCA-20260115-0057-23,Structural repair for INV-20260130-DF884944,"Product: OCA GLASS SAMSUNG A260/A2CORE, SKU: OCA-20251230-7E4F3030"
2026-02-04T16:24:00.440406,CREATE_PROPOSAL,InvoiceItem,NEW,INV-20260130-DF884944,barcode,NONE,OCA-20260115-0056-23,Structural repair for INV-20260130-DF884944,"Product: OCA GLASS SAMSUNG A260/A2CORE, SKU: OCA-20251230-7E4F3030"
2026-02-04T16:24:00.440436,CREATE_PROPOSAL,InvoiceItem,NEW,INV-20260130-DF884944,barcode,NONE,OCA-20260115-0055-24,Structural repair for INV-20260130-DF884944,"Product: OCA GLASS SAMSUNG A260/A2CORE, SKU: OCA-20251230-7E4F3030"
2026-02-04T16:24:00.440467,CREATE_PROPOSAL,InvoiceItem,NEW,INV-20260130-DF884944,barcode,NONE,OCA-20260115-0054-24,Structural repair for INV-20260130-DF884944,"Product: OCA GLASS SAMSUNG A260/A2CORE, SKU: OCA-20251230-7E4F3030"
2026-02-04T16:24:00.440498,CREATE_PROPOSAL,InvoiceItem,NEW,INV-20260130-DF884944,barcode,NONE,OCA-20260115-0053-24,Structural repair for INV-20260130-DF884944,"Product: OCA GLASS SAMSUNG A260/A2CORE, SKU: OCA-20251230-7E4F3030"
2026-02-04T16:24:00.440534,CREATE_PROPOSAL,InvoiceItem,NEW,INV-20260130-DF884944,barcode,NONE,OCA-20260115-0052-24,Structural repair for INV-20260130-DF884944,"Product: OCA GLASS SAMSUNG A260/A2CORE, SKU: OCA-20251230-7E4F3030"
2026-02-04T16:24:00.440565,CREATE_PROPOSAL,InvoiceItem,NEW,INV-20260130-DF884944,barcode,NONE,OCA-20260115-0051-24,Structural repair for INV-20260130-DF884944,"Product: OCA GLASS SAMSUNG A260/A2CORE, SKU: OCA-20251230-7E4F3030"
2026-02-04T16:24:00.440595,CREATE_PROPOSAL,InvoiceItem,NEW,INV-20260130-DF884944,barcode,NONE,OCA-20260115-0050-29,Structural repair for INV-20260130-DF884944,"Product: OCA GLASS SAMSUNG A260/A2CORE, SKU: OCA-20251230-7E4F3030"
2026-02-04T16:24:00.443123,DELETE_PROPOSAL,InvoiceItem,1319,INV-20260130-7A4C5ADF,ALL,"Product: FOLDER REALME C51/C53/N53 PESTING, Barcode: FOLD-20260127-0057-1",NONE,Structural mismatch in INV-20260130-7A4C5ADF,
2026-02-04T16:24:00.444667,DELETE_PROPOSAL,InvoiceItem,1321,INV-20260130-7A4C5ADF,ALL,"Product: FOLDER REALME C51/C53/N53 PESTING, Barcode: FOLD-20260127-0059-1",NONE,Structural mismatch in INV-20260130-7A4C5ADF,
2026-02-04T16:24:00.446095,DELETE_PROPOSAL,InvoiceItem,1322,INV-20260130-7A4C5ADF,ALL,"Product: FOLDER REALME C51/C53/N53 PESTING, Barcode: FOLD-20260127-0060-1",NONE,Structural mismatch in INV-20260130-7A4C5ADF,
2026-02-04T16:24:00.447601,DELETE_PROPOSAL,InvoiceItem,1323,INV-20260130-7A4C5ADF,ALL,"Product: FOLDER REALME C51/C53/N53 PESTING, Barcode: FOLD-20260127-0053-1",NONE,Structural mismatch in INV-20260130-7A4C5ADF,
2026-02-04T16:24:00.448964,DELETE_PROPOSAL,InvoiceItem,1324,INV-20260130-7A4C5ADF,ALL,"Product: FOLDER VIVO Y91/Y93/Y95 PESTING, Barcode: FOLD-20260120-0038-1",NONE,Structural mismatch in INV-20260130-7A4C5ADF,
2026-02-04T16:24:00.450448,DELETE_PROPOSAL,InvoiceItem,1325,INV-20260130-7A4C5ADF,ALL,"Product: FOLDER VIVO Y91/Y93/Y95 PESTING, Barcode: FOLD-20260120-0032-1",NONE,Structural mismatch in INV-20260130-7A4C5ADF,
2026-02-04T16:24:00.451807,DELETE_PROPOSAL,InvoiceItem,1326,INV-20260130-7A4C5ADF,ALL,"Product: FOLDER VIVO Y91/Y93/Y95 PESTING, Barcode: FOLD-20260120-0031-1",NONE,Structural mismatch in INV-20260130-7A4C5ADF,
2026-02-04T16:24:00.453181,DELETE_PROPOSAL,InvoiceItem,1327,INV-20260130-7A4C5ADF,ALL,"Product: FOLDER VIVO Y91/Y93/Y95 PESTING, Barcode: FOLD-20260120-0039-1",NONE,Structural mismatch in INV-20260130-7A4C5ADF,
2026-02-04T16:24:00.454587,DELETE_PROPOSAL,InvoiceItem,1328,INV-20260130-7A4C5ADF,ALL,"Product: FOLDER VIVO Y91/Y93/Y95 PESTING, Barcode: FOLD-20260120-0040-1",NONE,Structural mismatch in INV-20260130-7A4C5ADF,
2026-02-04T16:24:00.455940,DELETE_PROPOSAL,InvoiceItem,1329,INV-20260130-7A4C5ADF,ALL,"Product: FOLDER REALME C30/C30S/C33 PESTING, Barcode: FOLD-20260118-0051",NONE,Structural mismatch in INV-20260130-7A4C5ADF,
2026-02-04T16:24:00.457269,DELETE_PROPOSAL,InvoiceItem,1330,INV-20260130-7A4C5ADF,ALL,"Product: FOLDER REALME C30/C30S/C33 PESTING, Barcode: FOLD-20260118-0059",NONE,Structural mismatch in INV-20260130-7A4C5ADF,
2026-02-04T16:24:00.458612,DELETE_PROPOSAL,InvoiceItem,1331,INV-20260130-7A4C5ADF,ALL,"Product: FOLDER NORD 2/CE 5G TFT PESTING, Barcode: FOLD-20260118-0009-2",NONE,Structural mismatch in INV-20260130-7A4C5ADF,
2026-02-04T16:24:00.460325,DELETE_PROPOSAL,InvoiceItem,1332,INV-20260130-7A4C5ADF,ALL,"Product: FOLDER NORD 2/CE 5G TFT PESTING, Barcode: FOLD-20260118-0001-2",NONE,Structural mismatch in INV-20260130-7A4C5ADF,
2026-02-04T16:24:00.461880,DELETE_PROPOSAL,InvoiceItem,1333,INV-20260130-7A4C5ADF,ALL,"Product: FOLDER NORD 2/CE 5G TFT PESTING, Barcode: FOLD-20260118-0002-2",NONE,Structural mismatch in INV-20260130-7A4C5ADF,
2026-02-04T16:24:00.463295,DELETE_PROPOSAL,InvoiceItem,1334,INV-20260130-7A4C5ADF,ALL,"Product: FOLDER VIVO Y33S/Y35/T15G PESTING, Barcode: FOLD-20260127-0037-10",NONE,Structural mismatch in INV-20260130-7A4C5ADF,
2026-02-04T16:24:00.464706,DELETE_PROPOSAL,InvoiceItem,1335,INV-20260130-7A4C5ADF,ALL,"Product: FOLDER VIVO Y33S/Y35/T15G PESTING, Barcode: FOLD-20260127-0038-10",NONE,Structural mismatch in INV-20260130-7A4C5ADF,
2026-02-04T16:24:00.466155,DELETE_PROPOSAL,InvoiceItem,1336,INV-20260130-7A4C5ADF,ALL,"Product: FOLDER VIVO Y33S/Y35/T15G PESTING, Barcode: FOLD-20260127-0039-10",NONE,Structural mismatch in INV-20260130-7A4C5ADF,
2026-02-04T16:24:00.467639,DELETE_PROPOSAL,InvoiceItem,1337,INV-20260130-7A4C5ADF,ALL,"Product: FOLDER VIVO Y33S/Y35/T15G PESTING, Barcode: FOLD-20260127-0040-10",NONE,Structural mismatch in INV-20260130-7A4C5ADF,
2026-02-04T16:24:00.469036,DELETE_PROPOSAL,InvoiceItem,1338,INV-20260130-7A4C5ADF,ALL,"Product: FOLDER VIVO Y33S/Y35/T15G PESTING, Barcode: FOLD-20260127-0036-10",NONE,Structural mismatch in INV-20260130-7A4C5ADF,
2026-02-04T16:24:00.470483,DELETE_PROPOSAL,InvoiceItem,1339,INV-20260130-7A4C5ADF,ALL,"Product: FOLDER VIVO Y33S/Y35/T15G PESTING, Barcode: FOLD-20260127-0041-8",NONE,Structural mismatch in INV-20260130-7A4C5ADF,
2026-02-04T16:24:00.472124,DELETE_PROPOSAL,InvoiceItem,1340,INV-20260130-7A4C5ADF,ALL,"Product: FOLDER VIVO Y33S/Y35/T15G PESTING, Barcode: FOLD-20260127-0035-10",NONE,Structural mismatch in INV-20260130-7A4C5ADF,
2026-02-04T16:24:00.473592,DELETE_PROPOSAL,InvoiceItem,1341,INV-20260130-7A4C5ADF,ALL,"Product: FOLDER VIVO Y33S/Y35/T15G PESTING, Barcode: FOLD-20260127-0034-10",NONE,Structural mismatch in INV-20260130-7A4C5ADF,
2026-02-04T16:24:00.475053,DELETE_PROPOSAL,InvoiceItem,1342,INV-20260130-7A4C5ADF,ALL,"Product: FOLDER VIVO Y33S/Y35/T15G PESTING, Barcode: FOLD-20260127-0033-10",NONE,Structural mismatch in INV-20260130-7A4C5ADF,
2026-02-04T16:24:00.476616,DELETE_PROPOSAL,InvoiceItem,1343,INV-20260130-7A4C5ADF,ALL,"Product: FOLDER VIVO Y33S/Y35/T15G PESTING, Barcode: FOLD-20260127-0032-10",NONE,Structural mismatch in INV-20260130-7A4C5ADF,
2026-02-04T16:24:00.478087,CREATE_PROPOSAL,InvoiceItem,NEW,INV-20260130-7A4C5ADF,barcode,NONE,FOLD-20260127-0057-1,Structural repair for INV-20260130-7A4C5ADF,"Product: FOLDER REALME C51/C53/N53 PESTING, SKU: REAL-20251225-765E4E6C"
2026-02-04T16:24:00.478154,CREATE_PROPOSAL,InvoiceItem,NEW,INV-20260130-7A4C5ADF,barcode,NONE,FOLD-20260127-0058-1,Structural repair for INV-20260130-7A4C5ADF,"Product: FOLDER REALME C51/C53/N53 PESTING, SKU: REAL-20251225-765E4E6C"
2026-02-04T16:24:00.478191,CREATE_PROPOSAL,InvoiceItem,NEW,INV-20260130-7A4C5ADF,barcode,NONE,FOLD-20260127-0059-1,Structural repair for INV-20260130-7A4C5ADF,"Product: FOLDER REALME C51/C53/N53 PESTING, SKU: REAL-20251225-765E4E6C"
2026-02-04T16:24:00.478224,CREATE_PROPOSAL,InvoiceItem,NEW,INV-20260130-7A4C5ADF,barcode,NONE,FOLD-20260127-0060-1,Structural repair for INV-20260130-7A4C5ADF,"Product: FOLDER REALME C51/C53/N53 PESTING, SKU: REAL-20251225-765E4E6C"
2026-02-04T16:24:00.478270,CREATE_PROPOSAL,InvoiceItem,NEW,INV-20260130-7A4C5ADF,barcode,NONE,FOLD-20260127-0053-1,Structural repair for INV-20260130-7A4C5ADF,"Product: FOLDER REALME C51/C53/N53 PESTING, SKU: REAL-20251225-765E4E6C"
2026-02-04T16:24:00.480134,CREATE_PROPOSAL,InvoiceItem,NEW,INV-20260130-7A4C5ADF,barcode,NONE,FOLD-20260120-0038-1,Structural repair for INV-20260130-7A4C5ADF,"Product: FOLDER VIVO Y91/Y93/Y95 PESTING, SKU: Y93-20251225-E9D58EE7"
2026-02-04T16:24:00.480209,CREATE_PROPOSAL,InvoiceItem,NEW,INV-20260130-7A4C5ADF,barcode,NONE,FOLD-20260120-0032-1,Structural repair for INV-20260130-7A4C5ADF,"Product: FOLDER VIVO Y91/Y93/Y95 PESTING, SKU: Y93-20251225-E9D58EE7"
2026-02-04T16:24:00.480262,CREATE_PROPOSAL,InvoiceItem,NEW,INV-20260130-7A4C5ADF,barcode,NONE,FOLD-20260120-0031-1,Structural repair for INV-20260130-7A4C5ADF,"Product: FOLDER VIVO Y91/Y93/Y95 PESTING, SKU: Y93-20251225-E9D58EE7"
2026-02-04T16:24:00.480313,CREATE_PROPOSAL,InvoiceItem,NEW,INV-20260130-7A4C5ADF,barcode,NONE,FOLD-20260120-0039-1,Structural repair for INV-20260130-7A4C5ADF,"Product: FOLDER VIVO Y91/Y93/Y95 PESTING, SKU: Y93-20251225-E9D58EE7"
2026-02-04T16:24:00.480363,CREATE_PROPOSAL,InvoiceItem,NEW,INV-20260130-7A4C5ADF,barcode,NONE,FOLD-20260120-0040-1,Structural repair for INV-20260130-7A4C5ADF,"Product: FOLDER VIVO Y91/Y93/Y95 PESTING, SKU: Y93-20251225-E9D58EE7"
2026-02-04T16:24:00.482194,CREATE_PROPOSAL,InvoiceItem,NEW,INV-20260130-7A4C5ADF,barcode,NONE,FOLD-20260118-0051,Structural repair for INV-20260130-7A4C5ADF,"Product: FOLDER REALME C30/C30S/C33 PESTING, SKU: FOLD-20260124-49165BF3"
2026-02-04T16:24:00.482276,CREATE_PROPOSAL,InvoiceItem,NEW,INV-20260130-7A4C5ADF,barcode,NONE,FOLD-20260118-0059,Structural repair for INV-20260130-7A4C5ADF,"Product: FOLDER REALME C30/C30S/C33 PESTING, SKU: FOLD-20260124-49165BF3"
2026-02-04T16:24:00.484008,CREATE_PROPOSAL,InvoiceItem,NEW,INV-20260130-7A4C5ADF,barcode,NONE,FOLD-20260118-0009-2,Structural repair for INV-20260130-7A4C5ADF,"Product: FOLDER NORD 2/CE 5G TFT PESTING, SKU: FOLD-20260124-9BAD6CB1"
2026-02-04T16:24:00.484084,CREATE_PROPOSAL,InvoiceItem,NEW,INV-20260130-7A4C5ADF,barcode,NONE,FOLD-20260118-0001-2,Structural repair for INV-20260130-7A4C5ADF,"Product: FOLDER NORD 2/CE 5G TFT PESTING, SKU: FOLD-20260124-9BAD6CB1"
2026-02-04T16:24:00.484138,CREATE_PROPOSAL,InvoiceItem,NEW,INV-20260130-7A4C5ADF,barcode,NONE,FOLD-20260118-0002-2,Structural repair for INV-20260130-7A4C5ADF,"Product: FOLDER NORD 2/CE 5G TFT PESTING, SKU: FOLD-20260124-9BAD6CB1"
2026-02-04T16:24:00.485818,CREATE_PROPOSAL,InvoiceItem,NEW,INV-20260130-7A4C5ADF,barcode,NONE,FOLD-20260127-0037-10,Structural repair for INV-20260130-7A4C5ADF,"Product: FOLDER VIVO Y33S/Y35/T15G PESTING, SKU: FOLD-20260128-69A8234A"
2026-02-04T16:24:00.485893,CREATE_PROPOSAL,InvoiceItem,NEW,INV-20260130-7A4C5ADF,barcode,NONE,FOLD-20260127-0038-10,Structural repair for INV-20260130-7A4C5ADF,"Product: FOLDER VIVO Y33S/Y35/T15G PESTING, SKU: FOLD-20260128-69A8234A"
2026-02-04T16:24:00.485948,CREATE_PROPOSAL,InvoiceItem,NEW,INV-20260130-7A4C5ADF,barcode,NONE,FOLD-20260127-0039-10,Structural repair for INV-20260130-7A4C5ADF,"Product: FOLDER VIVO Y33S/Y35/T15G PESTING, SKU: FOLD-20260128-69A8234A"
2026-02-04T16:24:00.485999,CREATE_PROPOSAL,InvoiceItem,NEW,INV-20260130-7A4C5ADF,barcode,NONE,FOLD-20260127-0040-10,Structural repair for INV-20260130-7A4C5ADF,"Product: FOLDER VIVO Y33S/Y35/T15G PESTING, SKU: FOLD-20260128-69A8234A"
2026-02-04T16:24:00.486048,CREATE_PROPOSAL,InvoiceItem,NEW,INV-20260130-7A4C5ADF,barcode,NONE,FOLD-20260127-0036-10,Structural repair for INV-20260130-7A4C5ADF,"Product: FOLDER VIVO Y33S/Y35/T15G PESTING, SKU: FOLD-20260128-69A8234A"
2026-02-04T16:24:00.486098,CREATE_PROPOSAL,InvoiceItem,NEW,INV-20260130-7A4C5ADF,barcode,NONE,FOLD-20260127-0041-8,Structural repair for INV-20260130-7A4C5ADF,"Product: FOLDER VIVO Y33S/Y35/T15G PESTING, SKU: FOLD-20260128-69A8234A"
2026-02-04T16:24:00.486147,CREATE_PROPOSAL,InvoiceItem,NEW,INV-20260130-7A4C5ADF,barcode,NONE,FOLD-20260127-0035-10,Structural repair for INV-20260130-7A4C5ADF,"Product: FOLDER VIVO Y33S/Y35/T15G PESTING, SKU: FOLD-20260128-69A8234A"
2026-02-04T16:24:00.486196,CREATE_PROPOSAL,InvoiceItem,NEW,INV-20260130-7A4C5ADF,barcode,NONE,FOLD-20260127-0034-10,Structural repair for INV-20260130-7A4C5ADF,"Product: FOLDER VIVO Y33S/Y35/T15G PESTING, SKU: FOLD-20260128-69A8234A"
2026-02-04T16:24:00.486244,CREATE_PROPOSAL,InvoiceItem,NEW,INV-20260130-7A4C5ADF,barcode,NONE,FOLD-20260127-0033-10,Structural repair for INV-20260130-7A4C5ADF,"Product: FOLDER VIVO Y33S/Y35/T15G PESTING, SKU: FOLD-20260128-69A8234A"
2026-02-04T16:24:00.486293,CREATE_PROPOSAL,InvoiceItem,NEW,INV-20260130-7A4C5ADF,barcode,NONE,FOLD-20260127-0032-10,Structural repair for INV-20260130-7A4C5ADF,"Product: FOLDER VIVO Y33S/Y35/T15G PESTING, SKU: FOLD-20260128-69A8234A"
2026-02-04T16:24:00.488171,CREATE_PROPOSAL,InvoiceItem,NEW,INV-20260130-B7B11A25,barcode,NONE,OCA-20260115-0004,Structural repair for INV-20260130-B7B11A25,"Product: OCA GLASS VIVO Y200/Y300, SKU: OCA-20260112-8175B842"
2026-02-04T16:24:10.287514,UPDATE_PROPOSAL,Barcode,35688,INV-20260127-EBF29B91,tag,sold,new,Auto-assigned swap in INV-20260127-EBF29B91,"Old Barcode: FOLD-20260117-0063, New Barcode: FOLD-20260117-0006, Product: FOLDER VIVO Y11/Y12/Y15/Y17 TIKTOK PESTING"
2026-02-04T16:24:10.287618,UPDATE_PROPOSAL,Barcode,FOLD-20260117-0006,INV-20260127-EBF29B91,tag,unknown,sold,Scanned repair in INV-20260127-EBF29B91,"Old Barcode: FOLD-20260117-0063, New Barcode: FOLD-20260117-0006, Product: FOLDER VIVO Y11/Y12/Y15/Y17 TIKTOK PESTING"
2026-02-04T16:24:10.287669,UPDATE_PROPOSAL,InvoiceItem,703,INV-20260127-EBF29B91,barcode,FOLD-20260117-0063,FOLD-20260117-0006,Auto-assigned swap in INV-20260127-EBF29B91,"Old Barcode: FOLD-20260117-0063, New Barcode: FOLD-20260117-0006, Product: FOLDER VIVO Y11/Y12/Y15/Y17 TIKTOK PESTING"
2026-02-04T16:24:10.390321,UPDATE_PROPOSAL,Barcode,23367,INV-20260128-56A75FBF,tag,sold,new,No scan found in INV-20260128-56A75FBF,"Barcode: FRAM-20260120-0001-28, Product: FRAME REALME C53"
2026-02-04T16:24:10.390605,UPDATE_PROPOSAL,InvoiceItem,950,INV-20260128-56A75FBF,barcode,FRAM-20260120-0001-28,None,No scan found in INV-20260128-56A75FBF,"Barcode: FRAM-20260120-0001-28, Product: FRAME REALME C53"
2026-02-04T16:24:10.895037,UPDATE_PROPOSAL,Barcode,44427,INV-20260128-97835853,tag,sold,new,Auto-assigned swap in INV-20260128-97835853,"Old Barcode: FOLD-20260129-0307, New Barcode: FOLD-20260127-0039, Product: FOLDER OPPO A57 NEW/C35 PESTING"
2026-02-04T16:24:10.895137,UPDATE_PROPOSAL,Barcode,FOLD-20260127-0039,INV-20260128-97835853,tag,unknown,sold,Scanned repair in INV-20260128-97835853,"Old Barcode: FOLD-20260129-0307, New Barcode: FOLD-20260127-0039, Product: FOLDER OPPO A57 NEW/C35 PESTING"
2026-02-04T16:24:10.895183,UPDATE_PROPOSAL,InvoiceItem,853,INV-20260128-97835853,barcode,FOLD-20260129-0307,FOLD-20260127-0039,Auto-assigned swap in INV-20260128-97835853,"Old Barcode: FOLD-20260129-0307, New Barcode: FOLD-20260127-0039, Product: FOLDER OPPO A57 NEW/C35 PESTING"
2026-02-04T16:24:11.038668,UPDATE_PROPOSAL,Barcode,36081,INV-20260202-7B934763,tag,sold,new,Auto-assigned swap in INV-20260202-7B934763,"Old Barcode: FOLD-20260117-0003-2, New Barcode: FOLD-20260129-0238, Product: FOLDER REALME 5/C3 PESTING"
2026-02-04T16:24:11.038761,UPDATE_PROPOSAL,Barcode,FOLD-20260129-0238,INV-20260202-7B934763,tag,unknown,sold,Scanned repair in INV-20260202-7B934763,"Old Barcode: FOLD-20260117-0003-2, New Barcode: FOLD-20260129-0238, Product: FOLDER REALME 5/C3 PESTING"
2026-02-04T16:24:11.038802,UPDATE_PROPOSAL,InvoiceItem,2642,INV-20260202-7B934763,barcode,FOLD-20260117-0003-2,FOLD-20260129-0238,Auto-assigned swap in INV-20260202-7B934763,"Old Barcode: FOLD-20260117-0003-2, New Barcode: FOLD-20260129-0238, Product: FOLDER REALME 5/C3 PESTING"
2026-02-04T16:24:11.041883,UPDATE_PROPOSAL,Barcode,27901,INV-20260202-7B934763,tag,sold,new,Auto-assigned swap in INV-20260202-7B934763,"Old Barcode: VIVO-20260122-0005, New Barcode: VIVO-20260122-0010, Product: FOLDER VIVO V15 PESTING"
2026-02-04T16:24:11.041955,UPDATE_PROPOSAL,Barcode,VIVO-20260122-0010,INV-20260202-7B934763,tag,unknown,sold,Scanned repair in INV-20260202-7B934763,"Old Barcode: VIVO-20260122-0005, New Barcode: VIVO-20260122-0010, Product: FOLDER VIVO V15 PESTING"
2026-02-04T16:24:11.041992,UPDATE_PROPOSAL,InvoiceItem,2643,INV-20260202-7B934763,barcode,VIVO-20260122-0005,VIVO-20260122-0010,Auto-assigned swap in INV-20260202-7B934763,"Old Barcode: VIVO-20260122-0005, New Barcode: VIVO-20260122-0010, Product: FOLDER VIVO V15 PESTING"
2026-02-04T16:24:11.045209,UPDATE_PROPOSAL,Barcode,39541,INV-20260202-7B934763,tag,sold,new,Auto-assigned swap in INV-20260202-7B934763,"Old Barcode: FOLD-20260127-0081-1, New Barcode: FOLD-20260127-0105, Product: FOLDER OPPO A57 NEW/C35 PESTING"
2026-02-04T16:24:11.045295,UPDATE_PROPOSAL,Barcode,FOLD-20260127-0105,INV-20260202-7B934763,tag,unknown,sold,Scanned repair in INV-20260202-7B934763,"Old Barcode: FOLD-20260127-0081-1, New Barcode: FOLD-20260127-0105, Product: FOLDER OPPO A57 NEW/C35 PESTING"
2026-02-04T16:24:11.045338,UPDATE_PROPOSAL,InvoiceItem,2644,INV-20260202-7B934763,barcode,FOLD-20260127-0081-1,FOLD-20260127-0105,Auto-assigned swap in INV-20260202-7B934763,"Old Barcode: FOLD-20260127-0081-1, New Barcode: FOLD-20260127-0105, Product: FOLDER OPPO A57 NEW/C35 PESTING"
2026-02-04T16:24:11.051357,UPDATE_PROPOSAL,Barcode,42173,INV-20260202-7B934763,tag,sold,new,Auto-assigned swap in INV-20260202-7B934763,"Old Barcode: FOLD-20260113-0001-3, New Barcode: FOLD-20260113-0005-3, Product: FOLDER REALME 6/RM7/RM8 5G PESTING"
2026-02-04T16:24:11.051464,UPDATE_PROPOSAL,Barcode,FOLD-20260113-0005-3,INV-20260202-7B934763,tag,unknown,sold,Scanned repair in INV-20260202-7B934763,"Old Barcode: FOLD-20260113-0001-3, New Barcode: FOLD-20260113-0005-3, Product: FOLDER REALME 6/RM7/RM8 5G PESTING"
2026-02-04T16:24:11.051505,UPDATE_PROPOSAL,InvoiceItem,2645,INV-20260202-7B934763,barcode,FOLD-20260113-0001-3,FOLD-20260113-0005-3,Auto-assigned swap in INV-20260202-7B934763,"Old Barcode: FOLD-20260113-0001-3, New Barcode: FOLD-20260113-0005-3, Product: FOLDER REALME 6/RM7/RM8 5G PESTING"
